"filename", "language", "JSON", "Markdown", "Ignore", "JSON with Comments", "Python", "C#", "C++", "XML", "Java", "Shell Script", "Go", "C", "YAML", "Batch", "pip requirements", "Docker", "reStructuredText", "Properties", "JavaScript", "HTML", "Go Checksum File", "Go Module File", "TypeScript", "TypeScript React", "CSS", "comment", "blank", "total"
"/Users/kadirnacar/github/security/.eslintrc.json", "JSON with Comments", 0, 0, 0, 3, 0, 0, 0, 0, 0, 0, 0, 0, 0, 0, 0, 0, 0, 0, 0, 0, 0, 0, 0, 0, 0, 33, 0, 36
"/Users/kadirnacar/github/security/.prettierignore", "Ignore", 0, 0, 1, 0, 0, 0, 0, 0, 0, 0, 0, 0, 0, 0, 0, 0, 0, 0, 0, 0, 0, 0, 0, 0, 0, 1, 2, 4
"/Users/kadirnacar/github/security/.prettierrc", "JSON", 3, 0, 0, 0, 0, 0, 0, 0, 0, 0, 0, 0, 0, 0, 0, 0, 0, 0, 0, 0, 0, 0, 0, 0, 0, 0, 1, 4
"/Users/kadirnacar/github/security/README.md", "Markdown", 0, 51, 0, 0, 0, 0, 0, 0, 0, 0, 0, 0, 0, 0, 0, 0, 0, 0, 0, 0, 0, 0, 0, 0, 0, 0, 44, 95
"/Users/kadirnacar/github/security/alpr/Dockerfile", "Docker", 0, 0, 0, 0, 0, 0, 0, 0, 0, 0, 0, 0, 0, 0, 0, 17, 0, 0, 0, 0, 0, 0, 0, 0, 0, 0, 7, 24
"/Users/kadirnacar/github/security/alpr/README.md", "Markdown", 0, 13, 0, 0, 0, 0, 0, 0, 0, 0, 0, 0, 0, 0, 0, 0, 0, 0, 0, 0, 0, 0, 0, 0, 0, 0, 7, 20
"/Users/kadirnacar/github/security/alpr/openalpr/.dockerignore", "Ignore", 0, 0, 2, 0, 0, 0, 0, 0, 0, 0, 0, 0, 0, 0, 0, 0, 0, 0, 0, 0, 0, 0, 0, 0, 0, 0, 1, 3
"/Users/kadirnacar/github/security/alpr/openalpr/.travis.yml", "YAML", 0, 0, 0, 0, 0, 0, 0, 0, 0, 0, 0, 0, 14, 0, 0, 0, 0, 0, 0, 0, 0, 0, 0, 0, 0, 0, 6, 20
"/Users/kadirnacar/github/security/alpr/openalpr/CONTRIBUTING.md", "Markdown", 0, 1, 0, 0, 0, 0, 0, 0, 0, 0, 0, 0, 0, 0, 0, 0, 0, 0, 0, 0, 0, 0, 0, 0, 0, 0, 1, 2
"/Users/kadirnacar/github/security/alpr/openalpr/Dockerfile", "Docker", 0, 0, 0, 0, 0, 0, 0, 0, 0, 0, 0, 0, 0, 0, 0, 20, 0, 0, 0, 0, 0, 0, 0, 0, 0, 4, 7, 31
"/Users/kadirnacar/github/security/alpr/openalpr/README.md", "Markdown", 0, 113, 0, 0, 0, 0, 0, 0, 0, 0, 0, 0, 0, 0, 0, 0, 0, 0, 0, 0, 0, 0, 0, 0, 0, 0, 61, 174
"/Users/kadirnacar/github/security/alpr/openalpr/doc/generate.bat", "Batch", 0, 0, 0, 0, 0, 0, 0, 0, 0, 0, 0, 0, 0, 229, 0, 0, 0, 0, 0, 0, 0, 0, 0, 0, 0, 0, 35, 264
"/Users/kadirnacar/github/security/alpr/openalpr/doc/requirements.txt", "pip requirements", 0, 0, 0, 0, 0, 0, 0, 0, 0, 0, 0, 0, 0, 0, 13, 0, 0, 0, 0, 0, 0, 0, 0, 0, 0, 0, 1, 14
"/Users/kadirnacar/github/security/alpr/openalpr/doc/source/accuracy_improvements.rst", "reStructuredText", 0, 0, 0, 0, 0, 0, 0, 0, 0, 0, 0, 0, 0, 0, 0, 0, 225, 0, 0, 0, 0, 0, 0, 0, 0, 12, 124, 361
"/Users/kadirnacar/github/security/alpr/openalpr/doc/source/alprd.rst", "reStructuredText", 0, 0, 0, 0, 0, 0, 0, 0, 0, 0, 0, 0, 0, 0, 0, 0, 400, 0, 0, 0, 0, 0, 0, 0, 0, 15, 102, 517
"/Users/kadirnacar/github/security/alpr/openalpr/doc/source/bindings.rst", "reStructuredText", 0, 0, 0, 0, 0, 0, 0, 0, 0, 0, 0, 0, 0, 0, 0, 0, 213, 0, 0, 0, 0, 0, 0, 0, 0, 8, 76, 297
"/Users/kadirnacar/github/security/alpr/openalpr/doc/source/cloudapi.yaml", "YAML", 0, 0, 0, 0, 0, 0, 0, 0, 0, 0, 0, 0, 303, 0, 0, 0, 0, 0, 0, 0, 0, 0, 0, 0, 0, 4, 17, 324
"/Users/kadirnacar/github/security/alpr/openalpr/doc/source/commandline.rst", "reStructuredText", 0, 0, 0, 0, 0, 0, 0, 0, 0, 0, 0, 0, 0, 0, 0, 0, 64, 0, 0, 0, 0, 0, 0, 0, 0, 1, 45, 110
"/Users/kadirnacar/github/security/alpr/openalpr/doc/source/commercial.rst", "reStructuredText", 0, 0, 0, 0, 0, 0, 0, 0, 0, 0, 0, 0, 0, 0, 0, 0, 35, 0, 0, 0, 0, 0, 0, 0, 0, 2, 24, 61
"/Users/kadirnacar/github/security/alpr/openalpr/doc/source/compiling.rst", "reStructuredText", 0, 0, 0, 0, 0, 0, 0, 0, 0, 0, 0, 0, 0, 0, 0, 0, 148, 0, 0, 0, 0, 0, 0, 0, 0, 5, 73, 226
"/Users/kadirnacar/github/security/alpr/openalpr/doc/source/conf.py", "Python", 0, 0, 0, 0, 34, 0, 0, 0, 0, 0, 0, 0, 0, 0, 0, 0, 0, 0, 0, 0, 0, 0, 0, 0, 0, 178, 80, 292
"/Users/kadirnacar/github/security/alpr/openalpr/doc/source/index.rst", "reStructuredText", 0, 0, 0, 0, 0, 0, 0, 0, 0, 0, 0, 0, 0, 0, 0, 0, 31, 0, 0, 0, 0, 0, 0, 0, 0, 2, 14, 47
"/Users/kadirnacar/github/security/alpr/openalpr/doc/source/video_processing.rst", "reStructuredText", 0, 0, 0, 0, 0, 0, 0, 0, 0, 0, 0, 0, 0, 0, 0, 0, 73, 0, 0, 0, 0, 0, 0, 0, 0, 5, 48, 126
"/Users/kadirnacar/github/security/alpr/openalpr/doc/source/web_server.rst", "reStructuredText", 0, 0, 0, 0, 0, 0, 0, 0, 0, 0, 0, 0, 0, 0, 0, 0, 109, 0, 0, 0, 0, 0, 0, 0, 0, 16, 81, 206
"/Users/kadirnacar/github/security/alpr/openalpr/doc/source/web_server_api.yaml", "YAML", 0, 0, 0, 0, 0, 0, 0, 0, 0, 0, 0, 0, 412, 0, 0, 0, 0, 0, 0, 0, 0, 0, 0, 0, 0, 0, 9, 421
"/Users/kadirnacar/github/security/alpr/openalpr/doc/watch_for_changes.sh", "Shell Script", 0, 0, 0, 0, 0, 0, 0, 0, 0, 1, 0, 0, 0, 0, 0, 0, 0, 0, 0, 0, 0, 0, 0, 0, 0, 1, 3, 5
"/Users/kadirnacar/github/security/alpr/openalpr/runtime_data/cameras.yaml", "YAML", 0, 0, 0, 0, 0, 0, 0, 0, 0, 0, 0, 0, 233, 0, 0, 0, 0, 0, 0, 0, 0, 0, 0, 0, 0, 0, 1, 234
"/Users/kadirnacar/github/security/alpr/openalpr/runtime_data/config/au.conf", "Properties", 0, 0, 0, 0, 0, 0, 0, 0, 0, 0, 0, 0, 0, 0, 0, 0, 0, 34, 0, 0, 0, 0, 0, 0, 0, 0, 12, 46
"/Users/kadirnacar/github/security/alpr/openalpr/runtime_data/config/auwide.conf", "Properties", 0, 0, 0, 0, 0, 0, 0, 0, 0, 0, 0, 0, 0, 0, 0, 0, 0, 34, 0, 0, 0, 0, 0, 0, 0, 0, 14, 48
"/Users/kadirnacar/github/security/alpr/openalpr/runtime_data/config/eu.conf", "Properties", 0, 0, 0, 0, 0, 0, 0, 0, 0, 0, 0, 0, 0, 0, 0, 0, 0, 35, 0, 0, 0, 0, 0, 0, 0, 0, 13, 48
"/Users/kadirnacar/github/security/alpr/openalpr/runtime_data/config/gb.conf", "Properties", 0, 0, 0, 0, 0, 0, 0, 0, 0, 0, 0, 0, 0, 0, 0, 0, 0, 36, 0, 0, 0, 0, 0, 0, 0, 0, 15, 51
"/Users/kadirnacar/github/security/alpr/openalpr/runtime_data/config/kr.conf", "Properties", 0, 0, 0, 0, 0, 0, 0, 0, 0, 0, 0, 0, 0, 0, 0, 0, 0, 35, 0, 0, 0, 0, 0, 0, 0, 0, 13, 48
"/Users/kadirnacar/github/security/alpr/openalpr/runtime_data/config/kr2.conf", "Properties", 0, 0, 0, 0, 0, 0, 0, 0, 0, 0, 0, 0, 0, 0, 0, 0, 0, 37, 0, 0, 0, 0, 0, 0, 0, 0, 14, 51
"/Users/kadirnacar/github/security/alpr/openalpr/runtime_data/config/mx.conf", "Properties", 0, 0, 0, 0, 0, 0, 0, 0, 0, 0, 0, 0, 0, 0, 0, 0, 0, 35, 0, 0, 0, 0, 0, 0, 0, 0, 13, 48
"/Users/kadirnacar/github/security/alpr/openalpr/runtime_data/config/sg.conf", "Properties", 0, 0, 0, 0, 0, 0, 0, 0, 0, 0, 0, 0, 0, 0, 0, 0, 0, 32, 0, 0, 0, 0, 0, 0, 0, 0, 14, 46
"/Users/kadirnacar/github/security/alpr/openalpr/runtime_data/config/us.conf", "Properties", 0, 0, 0, 0, 0, 0, 0, 0, 0, 0, 0, 0, 0, 0, 0, 0, 0, 34, 0, 0, 0, 0, 0, 0, 0, 0, 11, 45
"/Users/kadirnacar/github/security/alpr/openalpr/runtime_data/region/au.xml", "XML", 0, 0, 0, 0, 0, 0, 0, 843, 0, 0, 0, 0, 0, 0, 0, 0, 0, 0, 0, 0, 0, 0, 0, 0, 0, 12, 1, 856
"/Users/kadirnacar/github/security/alpr/openalpr/runtime_data/region/eu.xml", "XML", 0, 0, 0, 0, 0, 0, 0, 807, 0, 0, 0, 0, 0, 0, 0, 0, 0, 0, 0, 0, 0, 0, 0, 0, 0, 12, 1, 820
"/Users/kadirnacar/github/security/alpr/openalpr/runtime_data/region/kr2.xml", "XML", 0, 0, 0, 0, 0, 0, 0, 432, 0, 0, 0, 0, 0, 0, 0, 0, 0, 0, 0, 0, 0, 0, 0, 0, 0, 9, 1, 442
"/Users/kadirnacar/github/security/alpr/openalpr/runtime_data/region/us.xml", "XML", 0, 0, 0, 0, 0, 0, 0, 2534, 0, 0, 0, 0, 0, 0, 0, 0, 0, 0, 0, 0, 0, 0, 0, 0, 0, 17, 1, 2552
"/Users/kadirnacar/github/security/alpr/openalpr/src/bindings/csharp/openalpr-net/AssemblyInfo.cpp", "C++", 0, 0, 0, 0, 0, 0, 19, 0, 0, 0, 0, 0, 0, 0, 0, 0, 0, 0, 0, 0, 0, 0, 0, 0, 0, 15, 7, 41
"/Users/kadirnacar/github/security/alpr/openalpr/src/bindings/csharp/openalpr-net/Stdafx.cpp", "C++", 0, 0, 0, 0, 0, 0, 1, 0, 0, 0, 0, 0, 0, 0, 0, 0, 0, 0, 0, 0, 0, 0, 0, 0, 0, 3, 2, 6
"/Users/kadirnacar/github/security/alpr/openalpr/src/bindings/csharp/openalpr-net/Stdafx.h", "C++", 0, 0, 0, 0, 0, 0, 1, 0, 0, 0, 0, 0, 0, 0, 0, 0, 0, 0, 0, 0, 0, 0, 0, 0, 0, 3, 4, 8
"/Users/kadirnacar/github/security/alpr/openalpr/src/bindings/csharp/openalpr-net/bitmapmat-net.cpp", "C++", 0, 0, 0, 0, 0, 0, 32, 0, 0, 0, 0, 0, 0, 0, 0, 0, 0, 0, 0, 0, 0, 0, 0, 0, 0, 0, 10, 42
"/Users/kadirnacar/github/security/alpr/openalpr/src/bindings/csharp/openalpr-net/bitmapmat-net.h", "C++", 0, 0, 0, 0, 0, 0, 41, 0, 0, 0, 0, 0, 0, 0, 0, 0, 0, 0, 0, 0, 0, 0, 0, 0, 0, 0, 10, 51
"/Users/kadirnacar/github/security/alpr/openalpr/src/bindings/csharp/openalpr-net/config-net.h", "C++", 0, 0, 0, 0, 0, 0, 586, 0, 0, 0, 0, 0, 0, 0, 0, 0, 0, 0, 0, 0, 0, 0, 0, 0, 0, 1, 68, 655
"/Users/kadirnacar/github/security/alpr/openalpr/src/bindings/csharp/openalpr-net/helper-net.h", "C++", 0, 0, 0, 0, 0, 0, 74, 0, 0, 0, 0, 0, 0, 0, 0, 0, 0, 0, 0, 0, 0, 0, 0, 0, 0, 1, 18, 93
"/Users/kadirnacar/github/security/alpr/openalpr/src/bindings/csharp/openalpr-net/lock-net.h", "C++", 0, 0, 0, 0, 0, 0, 15, 0, 0, 0, 0, 0, 0, 0, 0, 0, 0, 0, 0, 0, 0, 0, 0, 0, 0, 0, 4, 19
"/Users/kadirnacar/github/security/alpr/openalpr/src/bindings/csharp/openalpr-net/motiondetector-net.cpp", "C++", 0, 0, 0, 0, 0, 0, 60, 0, 0, 0, 0, 0, 0, 0, 0, 0, 0, 0, 0, 0, 0, 0, 0, 0, 0, 0, 11, 71
"/Users/kadirnacar/github/security/alpr/openalpr/src/bindings/csharp/openalpr-net/motiondetector-net.h", "C++", 0, 0, 0, 0, 0, 0, 41, 0, 0, 0, 0, 0, 0, 0, 0, 0, 0, 0, 0, 0, 0, 0, 0, 0, 0, 0, 11, 52
"/Users/kadirnacar/github/security/alpr/openalpr/src/bindings/csharp/openalpr-net/openalpr-net.cpp", "C++", 0, 0, 0, 0, 0, 0, 365, 0, 0, 0, 0, 0, 0, 0, 0, 0, 0, 0, 0, 0, 0, 0, 0, 0, 0, 46, 74, 485
"/Users/kadirnacar/github/security/alpr/openalpr/src/bindings/csharp/openalpr-net/openalpr-net.h", "C++", 0, 0, 0, 0, 0, 0, 16, 0, 0, 0, 0, 0, 0, 0, 0, 0, 0, 0, 0, 0, 0, 0, 0, 0, 0, 0, 8, 24
"/Users/kadirnacar/github/security/alpr/openalpr/src/bindings/csharp/openalpr-net/resource.h", "C++", 0, 0, 0, 0, 0, 0, 0, 0, 0, 0, 0, 0, 0, 0, 0, 0, 0, 0, 0, 0, 0, 0, 0, 0, 0, 3, 1, 4
"/Users/kadirnacar/github/security/alpr/openalpr/src/bindings/csharp/openalpr-net/types-net.h", "C++", 0, 0, 0, 0, 0, 0, 16, 0, 0, 0, 0, 0, 0, 0, 0, 0, 0, 0, 0, 0, 0, 0, 0, 0, 0, 0, 3, 19
"/Users/kadirnacar/github/security/alpr/openalpr/src/bindings/csharp/openalprnet-cli/CommandLine.cs", "C#", 0, 0, 0, 0, 0, 50, 0, 0, 0, 0, 0, 0, 0, 0, 0, 0, 0, 0, 0, 0, 0, 0, 0, 0, 0, 24, 8, 82
"/Users/kadirnacar/github/security/alpr/openalpr/src/bindings/csharp/openalprnet-cli/Program.cs", "C#", 0, 0, 0, 0, 0, 107, 0, 0, 0, 0, 0, 0, 0, 0, 0, 0, 0, 0, 0, 0, 0, 0, 0, 0, 0, 20, 13, 140
"/Users/kadirnacar/github/security/alpr/openalpr/src/bindings/csharp/openalprnet-cli/Properties/AssemblyInfo.cs", "C#", 0, 0, 0, 0, 0, 15, 0, 0, 0, 0, 0, 0, 0, 0, 0, 0, 0, 0, 0, 0, 0, 0, 0, 0, 0, 17, 5, 37
"/Users/kadirnacar/github/security/alpr/openalpr/src/bindings/csharp/openalprnet-cli/openalprnet-cli.csproj", "XML", 0, 0, 0, 0, 0, 0, 0, 89, 0, 0, 0, 0, 0, 0, 0, 0, 0, 0, 0, 0, 0, 0, 0, 0, 0, 7, 0, 96
"/Users/kadirnacar/github/security/alpr/openalpr/src/bindings/csharp/openalprnet-windemo/Form1.Designer.cs", "C#", 0, 0, 0, 0, 0, 138, 0, 0, 0, 0, 0, 0, 0, 0, 0, 0, 0, 0, 0, 0, 0, 0, 0, 0, 0, 47, 8, 193
"/Users/kadirnacar/github/security/alpr/openalpr/src/bindings/csharp/openalprnet-windemo/Form1.cs", "C#", 0, 0, 0, 0, 0, 138, 0, 0, 0, 0, 0, 0, 0, 0, 0, 0, 0, 0, 0, 0, 0, 0, 0, 0, 0, 25, 24, 187
"/Users/kadirnacar/github/security/alpr/openalpr/src/bindings/csharp/openalprnet-windemo/Program.cs", "C#", 0, 0, 0, 0, 0, 17, 0, 0, 0, 0, 0, 0, 0, 0, 0, 0, 0, 0, 0, 0, 0, 0, 0, 0, 0, 20, 3, 40
"/Users/kadirnacar/github/security/alpr/openalpr/src/bindings/csharp/openalprnet-windemo/Properties/AssemblyInfo.cs", "C#", 0, 0, 0, 0, 0, 15, 0, 0, 0, 0, 0, 0, 0, 0, 0, 0, 0, 0, 0, 0, 0, 0, 0, 0, 0, 17, 5, 37
"/Users/kadirnacar/github/security/alpr/openalpr/src/bindings/csharp/openalprnet-windemo/Properties/Resources.Designer.cs", "C#", 0, 0, 0, 0, 0, 32, 0, 0, 0, 0, 0, 0, 0, 0, 0, 0, 0, 0, 0, 0, 0, 0, 0, 0, 0, 23, 9, 64
"/Users/kadirnacar/github/security/alpr/openalpr/src/bindings/csharp/openalprnet-windemo/Properties/Settings.Designer.cs", "C#", 0, 0, 0, 0, 0, 12, 0, 0, 0, 0, 0, 0, 0, 0, 0, 0, 0, 0, 0, 0, 0, 0, 0, 0, 0, 9, 6, 27
"/Users/kadirnacar/github/security/alpr/openalpr/src/bindings/csharp/openalprnet-windemo/app.config", "XML", 0, 0, 0, 0, 0, 0, 0, 3, 0, 0, 0, 0, 0, 0, 0, 0, 0, 0, 0, 0, 0, 0, 0, 0, 0, 0, 1, 4
"/Users/kadirnacar/github/security/alpr/openalpr/src/bindings/csharp/openalprnet-windemo/openalprnet-windemo.csproj", "XML", 0, 0, 0, 0, 0, 0, 0, 125, 0, 0, 0, 0, 0, 0, 0, 0, 0, 0, 0, 0, 0, 0, 0, 0, 0, 7, 0, 132
"/Users/kadirnacar/github/security/alpr/openalpr/src/bindings/go/main.go", "Go", 0, 0, 0, 0, 0, 0, 0, 0, 0, 0, 29, 0, 0, 0, 0, 0, 0, 0, 0, 0, 0, 0, 0, 0, 0, 0, 8, 37
"/Users/kadirnacar/github/security/alpr/openalpr/src/bindings/go/make.sh", "Shell Script", 0, 0, 0, 0, 0, 0, 0, 0, 0, 6, 0, 0, 0, 0, 0, 0, 0, 0, 0, 0, 0, 0, 0, 0, 0, 1, 6, 13
"/Users/kadirnacar/github/security/alpr/openalpr/src/bindings/go/openalpr/openalpr.go", "Go", 0, 0, 0, 0, 0, 0, 0, 0, 0, 0, 105, 0, 0, 0, 0, 0, 0, 0, 0, 0, 0, 0, 0, 0, 0, 8, 25, 138
"/Users/kadirnacar/github/security/alpr/openalpr/src/bindings/go/openalprgo.cpp", "C++", 0, 0, 0, 0, 0, 0, 54, 0, 0, 0, 0, 0, 0, 0, 0, 0, 0, 0, 0, 0, 0, 0, 0, 0, 0, 1, 15, 70
"/Users/kadirnacar/github/security/alpr/openalpr/src/bindings/go/openalprgo.h", "C++", 0, 0, 0, 0, 0, 0, 21, 0, 0, 0, 0, 0, 0, 0, 0, 0, 0, 0, 0, 0, 0, 0, 0, 0, 0, 2, 4, 27
"/Users/kadirnacar/github/security/alpr/openalpr/src/bindings/java/com_openalpr_jni_Alpr.h", "C++", 0, 0, 0, 0, 0, 0, 28, 0, 0, 0, 0, 0, 0, 0, 0, 0, 0, 0, 0, 0, 0, 0, 0, 0, 0, 47, 11, 86
"/Users/kadirnacar/github/security/alpr/openalpr/src/bindings/java/make.sh", "Shell Script", 0, 0, 0, 0, 0, 0, 0, 0, 0, 8, 0, 0, 0, 0, 0, 0, 0, 0, 0, 0, 0, 0, 0, 0, 0, 8, 6, 22
"/Users/kadirnacar/github/security/alpr/openalpr/src/bindings/java/openalprjni.cpp", "C++", 0, 0, 0, 0, 0, 0, 79, 0, 0, 0, 0, 0, 0, 0, 0, 0, 0, 0, 0, 0, 0, 0, 0, 0, 0, 8, 33, 120
"/Users/kadirnacar/github/security/alpr/openalpr/src/bindings/java/src/Main.java", "Java", 0, 0, 0, 0, 0, 0, 0, 0, 45, 0, 0, 0, 0, 0, 0, 0, 0, 0, 0, 0, 0, 0, 0, 0, 0, 2, 13, 60
"/Users/kadirnacar/github/security/alpr/openalpr/src/bindings/java/src/com/openalpr/jni/Alpr.java", "Java", 0, 0, 0, 0, 0, 0, 0, 0, 64, 0, 0, 0, 0, 0, 0, 0, 0, 0, 0, 0, 0, 0, 0, 0, 0, 2, 19, 85
"/Users/kadirnacar/github/security/alpr/openalpr/src/bindings/java/src/com/openalpr/jni/AlprCoordinate.java", "Java", 0, 0, 0, 0, 0, 0, 0, 0, 18, 0, 0, 0, 0, 0, 0, 0, 0, 0, 0, 0, 0, 0, 0, 0, 0, 0, 7, 25
"/Users/kadirnacar/github/security/alpr/openalpr/src/bindings/java/src/com/openalpr/jni/AlprException.java", "Java", 0, 0, 0, 0, 0, 0, 0, 0, 6, 0, 0, 0, 0, 0, 0, 0, 0, 0, 0, 0, 0, 0, 0, 0, 0, 0, 4, 10
"/Users/kadirnacar/github/security/alpr/openalpr/src/bindings/java/src/com/openalpr/jni/AlprPlate.java", "Java", 0, 0, 0, 0, 0, 0, 0, 0, 23, 0, 0, 0, 0, 0, 0, 0, 0, 0, 0, 0, 0, 0, 0, 0, 0, 0, 8, 31
"/Users/kadirnacar/github/security/alpr/openalpr/src/bindings/java/src/com/openalpr/jni/AlprPlateResult.java", "Java", 0, 0, 0, 0, 0, 0, 0, 0, 68, 0, 0, 0, 0, 0, 0, 0, 0, 0, 0, 0, 0, 0, 0, 0, 0, 7, 27, 102
"/Users/kadirnacar/github/security/alpr/openalpr/src/bindings/java/src/com/openalpr/jni/AlprRegionOfInterest.java", "Java", 0, 0, 0, 0, 0, 0, 0, 0, 28, 0, 0, 0, 0, 0, 0, 0, 0, 0, 0, 0, 0, 0, 0, 0, 0, 0, 9, 37
"/Users/kadirnacar/github/security/alpr/openalpr/src/bindings/java/src/com/openalpr/jni/AlprResults.java", "Java", 0, 0, 0, 0, 0, 0, 0, 0, 56, 0, 0, 0, 0, 0, 0, 0, 0, 0, 0, 0, 0, 0, 0, 0, 0, 0, 16, 72
"/Users/kadirnacar/github/security/alpr/openalpr/src/bindings/java/src/com/openalpr/jni/json/JSON.java", "Java", 0, 0, 0, 0, 0, 0, 0, 0, 89, 0, 0, 0, 0, 0, 0, 0, 0, 0, 0, 0, 0, 0, 0, 0, 0, 18, 10, 117
"/Users/kadirnacar/github/security/alpr/openalpr/src/bindings/java/src/com/openalpr/jni/json/JSONArray.java", "Java", 0, 0, 0, 0, 0, 0, 0, 0, 247, 0, 0, 0, 0, 0, 0, 0, 0, 0, 0, 0, 0, 0, 0, 0, 0, 289, 50, 586
"/Users/kadirnacar/github/security/alpr/openalpr/src/bindings/java/src/com/openalpr/jni/json/JSONException.java", "Java", 0, 0, 0, 0, 0, 0, 0, 0, 6, 0, 0, 0, 0, 0, 0, 0, 0, 0, 0, 0, 0, 0, 0, 0, 0, 39, 5, 50
"/Users/kadirnacar/github/security/alpr/openalpr/src/bindings/java/src/com/openalpr/jni/json/JSONObject.java", "Java", 0, 0, 0, 0, 0, 0, 0, 0, 309, 0, 0, 0, 0, 0, 0, 0, 0, 0, 0, 0, 0, 0, 0, 0, 0, 352, 60, 721
"/Users/kadirnacar/github/security/alpr/openalpr/src/bindings/java/src/com/openalpr/jni/json/JSONStringer.java", "Java", 0, 0, 0, 0, 0, 0, 0, 0, 198, 0, 0, 0, 0, 0, 0, 0, 0, 0, 0, 0, 0, 0, 0, 0, 0, 182, 53, 433
"/Users/kadirnacar/github/security/alpr/openalpr/src/bindings/java/src/com/openalpr/jni/json/JSONTokener.java", "Java", 0, 0, 0, 0, 0, 0, 0, 0, 316, 0, 0, 0, 0, 0, 0, 0, 0, 0, 0, 0, 0, 0, 0, 0, 0, 232, 64, 612
"/Users/kadirnacar/github/security/alpr/openalpr/src/bindings/python/make.sh", "Shell Script", 0, 0, 0, 0, 0, 0, 0, 0, 0, 4, 0, 0, 0, 0, 0, 0, 0, 0, 0, 0, 0, 0, 0, 0, 0, 2, 4, 10
"/Users/kadirnacar/github/security/alpr/openalpr/src/bindings/python/openalpr/__init__.py", "Python", 0, 0, 0, 0, 5, 0, 0, 0, 0, 0, 0, 0, 0, 0, 0, 0, 0, 0, 0, 0, 0, 0, 0, 0, 0, 0, 1, 6
"/Users/kadirnacar/github/security/alpr/openalpr/src/bindings/python/openalpr/openalpr.py", "Python", 0, 0, 0, 0, 117, 0, 0, 0, 0, 0, 0, 0, 0, 0, 0, 0, 0, 0, 0, 0, 0, 0, 0, 0, 0, 78, 38, 233
"/Users/kadirnacar/github/security/alpr/openalpr/src/bindings/python/openalprpy.cpp", "C++", 0, 0, 0, 0, 0, 0, 83, 0, 0, 0, 0, 0, 0, 0, 0, 0, 0, 0, 0, 0, 0, 0, 0, 0, 0, 19, 44, 146
"/Users/kadirnacar/github/security/alpr/openalpr/src/bindings/python/setup.py", "Python", 0, 0, 0, 0, 9, 0, 0, 0, 0, 0, 0, 0, 0, 0, 0, 0, 0, 0, 0, 0, 0, 0, 0, 0, 0, 1, 3, 13
"/Users/kadirnacar/github/security/alpr/openalpr/src/bindings/python/test.py", "Python", 0, 0, 0, 0, 39, 0, 0, 0, 0, 0, 0, 0, 0, 0, 0, 0, 0, 0, 0, 0, 0, 0, 0, 0, 0, 3, 16, 58
"/Users/kadirnacar/github/security/alpr/openalpr/src/daemon.cpp", "C++", 0, 0, 0, 0, 0, 0, 312, 0, 0, 0, 0, 0, 0, 0, 0, 0, 0, 0, 0, 0, 0, 0, 0, 0, 0, 37, 125, 474
"/Users/kadirnacar/github/security/alpr/openalpr/src/daemon/beanstalk.c", "C", 0, 0, 0, 0, 0, 0, 0, 0, 0, 0, 0, 508, 0, 0, 0, 0, 0, 0, 0, 0, 0, 0, 0, 0, 0, 21, 117, 646
"/Users/kadirnacar/github/security/alpr/openalpr/src/daemon/beanstalk.cc", "C++", 0, 0, 0, 0, 0, 0, 265, 0, 0, 0, 0, 0, 0, 0, 0, 0, 0, 0, 0, 0, 0, 0, 0, 0, 0, 2, 51, 318
"/Users/kadirnacar/github/security/alpr/openalpr/src/daemon/beanstalk.h", "C++", 0, 0, 0, 0, 0, 0, 86, 0, 0, 0, 0, 0, 0, 0, 0, 0, 0, 0, 0, 0, 0, 0, 0, 0, 0, 10, 19, 115
"/Users/kadirnacar/github/security/alpr/openalpr/src/daemon/beanstalk.hpp", "C++", 0, 0, 0, 0, 0, 0, 63, 0, 0, 0, 0, 0, 0, 0, 0, 0, 0, 0, 0, 0, 0, 0, 0, 0, 0, 0, 5, 68
"/Users/kadirnacar/github/security/alpr/openalpr/src/daemon/daemonconfig.cpp", "C++", 0, 0, 0, 0, 0, 0, 29, 0, 0, 0, 0, 0, 0, 0, 0, 0, 0, 0, 0, 0, 0, 0, 0, 0, 0, 21, 12, 62
"/Users/kadirnacar/github/security/alpr/openalpr/src/daemon/daemonconfig.h", "C++", 0, 0, 0, 0, 0, 0, 22, 0, 0, 0, 0, 0, 0, 0, 0, 0, 0, 0, 0, 0, 0, 0, 0, 0, 0, 0, 11, 33
"/Users/kadirnacar/github/security/alpr/openalpr/src/main.cpp", "C++", 0, 0, 0, 0, 0, 0, 283, 0, 0, 0, 0, 0, 0, 0, 0, 0, 0, 0, 0, 0, 0, 0, 0, 0, 0, 28, 66, 377
"/Users/kadirnacar/github/security/alpr/openalpr/src/misc_utilities/benchmarks2/benchmark.cpp", "C++", 0, 0, 0, 0, 0, 0, 224, 0, 0, 0, 0, 0, 0, 0, 0, 0, 0, 0, 0, 0, 0, 0, 0, 0, 0, 23, 61, 308
"/Users/kadirnacar/github/security/alpr/openalpr/src/misc_utilities/benchmarks2/benchmark_utils.cpp", "C++", 0, 0, 0, 0, 0, 0, 18, 0, 0, 0, 0, 0, 0, 0, 0, 0, 0, 0, 0, 0, 0, 0, 0, 0, 0, 0, 7, 25
"/Users/kadirnacar/github/security/alpr/openalpr/src/misc_utilities/benchmarks2/benchmark_utils.h", "C++", 0, 0, 0, 0, 0, 0, 5, 0, 0, 0, 0, 0, 0, 0, 0, 0, 0, 0, 0, 0, 0, 0, 0, 0, 0, 0, 5, 10
"/Users/kadirnacar/github/security/alpr/openalpr/src/misc_utilities/benchmarks2/endtoendtest.cpp", "C++", 0, 0, 0, 0, 0, 0, 182, 0, 0, 0, 0, 0, 0, 0, 0, 0, 0, 0, 0, 0, 0, 0, 0, 0, 0, 20, 69, 271
"/Users/kadirnacar/github/security/alpr/openalpr/src/misc_utilities/benchmarks2/endtoendtest.h", "C++", 0, 0, 0, 0, 0, 0, 38, 0, 0, 0, 0, 0, 0, 0, 0, 0, 0, 0, 0, 0, 0, 0, 0, 0, 0, 0, 11, 49
"/Users/kadirnacar/github/security/alpr/openalpr/src/misc_utilities/binarizefontsheet.cpp", "C++", 0, 0, 0, 0, 0, 0, 175, 0, 0, 0, 0, 0, 0, 0, 0, 0, 0, 0, 0, 0, 0, 0, 0, 0, 0, 41, 72, 288
"/Users/kadirnacar/github/security/alpr/openalpr/src/misc_utilities/calibrate.cpp", "C++", 0, 0, 0, 0, 0, 0, 284, 0, 0, 0, 0, 0, 0, 0, 0, 0, 0, 0, 0, 0, 0, 0, 0, 0, 0, 24, 109, 417
"/Users/kadirnacar/github/security/alpr/openalpr/src/misc_utilities/classifychars.cpp", "C++", 0, 0, 0, 0, 0, 0, 304, 0, 0, 0, 0, 0, 0, 0, 0, 0, 0, 0, 0, 0, 0, 0, 0, 0, 0, 26, 65, 395
"/Users/kadirnacar/github/security/alpr/openalpr/src/misc_utilities/prepcharsfortraining.cpp", "C++", 0, 0, 0, 0, 0, 0, 141, 0, 0, 0, 0, 0, 0, 0, 0, 0, 0, 0, 0, 0, 0, 0, 0, 0, 0, 30, 58, 229
"/Users/kadirnacar/github/security/alpr/openalpr/src/misc_utilities/sortstate.cpp", "C++", 0, 0, 0, 0, 0, 0, 65, 0, 0, 0, 0, 0, 0, 0, 0, 0, 0, 0, 0, 0, 0, 0, 0, 0, 0, 22, 21, 108
"/Users/kadirnacar/github/security/alpr/openalpr/src/misc_utilities/tagplates.cpp", "C++", 0, 0, 0, 0, 0, 0, 173, 0, 0, 0, 0, 0, 0, 0, 0, 0, 0, 0, 0, 0, 0, 0, 0, 0, 0, 23, 54, 250
"/Users/kadirnacar/github/security/alpr/openalpr/src/openalpr/TRexpp.h", "C++", 0, 0, 0, 0, 0, 0, 64, 0, 0, 0, 0, 0, 0, 0, 0, 0, 0, 0, 0, 0, 0, 0, 0, 0, 0, 30, 4, 98
"/Users/kadirnacar/github/security/alpr/openalpr/src/openalpr/alpr.cpp", "C++", 0, 0, 0, 0, 0, 0, 88, 0, 0, 0, 0, 0, 0, 0, 0, 0, 0, 0, 0, 0, 0, 0, 0, 0, 0, 19, 25, 132
"/Users/kadirnacar/github/security/alpr/openalpr/src/openalpr/alpr.h", "C++", 0, 0, 0, 0, 0, 0, 104, 0, 0, 0, 0, 0, 0, 0, 0, 0, 0, 0, 0, 0, 0, 0, 0, 0, 0, 33, 43, 180
"/Users/kadirnacar/github/security/alpr/openalpr/src/openalpr/alpr_impl.cpp", "C++", 0, 0, 0, 0, 0, 0, 566, 0, 0, 0, 0, 0, 0, 0, 0, 0, 0, 0, 0, 0, 0, 0, 0, 0, 0, 49, 181, 796
"/Users/kadirnacar/github/security/alpr/openalpr/src/openalpr/alpr_impl.h", "C++", 0, 0, 0, 0, 0, 0, 75, 0, 0, 0, 0, 0, 0, 0, 0, 0, 0, 0, 0, 0, 0, 0, 0, 0, 0, 18, 38, 131
"/Users/kadirnacar/github/security/alpr/openalpr/src/openalpr/binarize_wolf.cpp", "C++", 0, 0, 0, 0, 0, 0, 119, 0, 0, 0, 0, 0, 0, 0, 0, 0, 0, 0, 0, 0, 0, 0, 0, 0, 0, 53, 44, 216
"/Users/kadirnacar/github/security/alpr/openalpr/src/openalpr/binarize_wolf.h", "C++", 0, 0, 0, 0, 0, 0, 24, 0, 0, 0, 0, 0, 0, 0, 0, 0, 0, 0, 0, 0, 0, 0, 0, 0, 0, 18, 11, 53
"/Users/kadirnacar/github/security/alpr/openalpr/src/openalpr/cjson.c", "C", 0, 0, 0, 0, 0, 0, 0, 0, 0, 0, 0, 457, 0, 0, 0, 0, 0, 0, 0, 0, 0, 0, 0, 0, 0, 70, 70, 597
"/Users/kadirnacar/github/security/alpr/openalpr/src/openalpr/cjson.h", "C++", 0, 0, 0, 0, 0, 0, 73, 0, 0, 0, 0, 0, 0, 0, 0, 0, 0, 0, 0, 0, 0, 0, 0, 0, 0, 45, 26, 144
"/Users/kadirnacar/github/security/alpr/openalpr/src/openalpr/colorfilter.cpp", "C++", 0, 0, 0, 0, 0, 0, 287, 0, 0, 0, 0, 0, 0, 0, 0, 0, 0, 0, 0, 0, 0, 0, 0, 0, 0, 38, 79, 404
"/Users/kadirnacar/github/security/alpr/openalpr/src/openalpr/colorfilter.h", "C++", 0, 0, 0, 0, 0, 0, 28, 0, 0, 0, 0, 0, 0, 0, 0, 0, 0, 0, 0, 0, 0, 0, 0, 0, 0, 18, 15, 61
"/Users/kadirnacar/github/security/alpr/openalpr/src/openalpr/config.cpp", "C++", 0, 0, 0, 0, 0, 0, 298, 0, 0, 0, 0, 0, 0, 0, 0, 0, 0, 0, 0, 0, 0, 0, 0, 0, 0, 26, 91, 415
"/Users/kadirnacar/github/security/alpr/openalpr/src/openalpr/config.h", "C++", 0, 0, 0, 0, 0, 0, 111, 0, 0, 0, 0, 0, 0, 0, 0, 0, 0, 0, 0, 0, 0, 0, 0, 0, 0, 18, 53, 182
"/Users/kadirnacar/github/security/alpr/openalpr/src/openalpr/config_helper.cpp", "C++", 0, 0, 0, 0, 0, 0, 107, 0, 0, 0, 0, 0, 0, 0, 0, 0, 0, 0, 0, 0, 0, 0, 0, 0, 0, 20, 33, 160
"/Users/kadirnacar/github/security/alpr/openalpr/src/openalpr/config_helper.h", "C++", 0, 0, 0, 0, 0, 0, 19, 0, 0, 0, 0, 0, 0, 0, 0, 0, 0, 0, 0, 0, 0, 0, 0, 0, 0, 20, 10, 49
"/Users/kadirnacar/github/security/alpr/openalpr/src/openalpr/constants.h", "C++", 0, 0, 0, 0, 0, 0, 15, 0, 0, 0, 0, 0, 0, 0, 0, 0, 0, 0, 0, 0, 0, 0, 0, 0, 0, 18, 8, 41
"/Users/kadirnacar/github/security/alpr/openalpr/src/openalpr/detection/detector.cpp", "C++", 0, 0, 0, 0, 0, 0, 161, 0, 0, 0, 0, 0, 0, 0, 0, 0, 0, 0, 0, 0, 0, 0, 0, 0, 0, 41, 59, 261
"/Users/kadirnacar/github/security/alpr/openalpr/src/openalpr/detection/detector.h", "C++", 0, 0, 0, 0, 0, 0, 32, 0, 0, 0, 0, 0, 0, 0, 0, 0, 0, 0, 0, 0, 0, 0, 0, 0, 0, 18, 23, 73
"/Users/kadirnacar/github/security/alpr/openalpr/src/openalpr/detection/detector_types.h", "C++", 0, 0, 0, 0, 0, 0, 11, 0, 0, 0, 0, 0, 0, 0, 0, 0, 0, 0, 0, 0, 0, 0, 0, 0, 0, 18, 6, 35
"/Users/kadirnacar/github/security/alpr/openalpr/src/openalpr/detection/detectorcpu.cpp", "C++", 0, 0, 0, 0, 0, 0, 36, 0, 0, 0, 0, 0, 0, 0, 0, 0, 0, 0, 0, 0, 0, 0, 0, 0, 0, 20, 24, 80
"/Users/kadirnacar/github/security/alpr/openalpr/src/openalpr/detection/detectorcpu.h", "C++", 0, 0, 0, 0, 0, 0, 22, 0, 0, 0, 0, 0, 0, 0, 0, 0, 0, 0, 0, 0, 0, 0, 0, 0, 0, 18, 14, 54
"/Users/kadirnacar/github/security/alpr/openalpr/src/openalpr/detection/detectorcuda.cpp", "C++", 0, 0, 0, 0, 0, 0, 46, 0, 0, 0, 0, 0, 0, 0, 0, 0, 0, 0, 0, 0, 0, 0, 0, 0, 0, 19, 21, 86
"/Users/kadirnacar/github/security/alpr/openalpr/src/openalpr/detection/detectorcuda.h", "C++", 0, 0, 0, 0, 0, 0, 26, 0, 0, 0, 0, 0, 0, 0, 0, 0, 0, 0, 0, 0, 0, 0, 0, 0, 0, 18, 19, 63
"/Users/kadirnacar/github/security/alpr/openalpr/src/openalpr/detection/detectorfactory.cpp", "C++", 0, 0, 0, 0, 0, 0, 42, 0, 0, 0, 0, 0, 0, 0, 0, 0, 0, 0, 0, 0, 0, 0, 0, 0, 0, 1, 4, 47
"/Users/kadirnacar/github/security/alpr/openalpr/src/openalpr/detection/detectorfactory.h", "C++", 0, 0, 0, 0, 0, 0, 10, 0, 0, 0, 0, 0, 0, 0, 0, 0, 0, 0, 0, 0, 0, 0, 0, 0, 0, 18, 7, 35
"/Users/kadirnacar/github/security/alpr/openalpr/src/openalpr/detection/detectormask.cpp", "C++", 0, 0, 0, 0, 0, 0, 101, 0, 0, 0, 0, 0, 0, 0, 0, 0, 0, 0, 0, 0, 0, 0, 0, 0, 0, 32, 33, 166
"/Users/kadirnacar/github/security/alpr/openalpr/src/openalpr/detection/detectormask.h", "C++", 0, 0, 0, 0, 0, 0, 30, 0, 0, 0, 0, 0, 0, 0, 0, 0, 0, 0, 0, 0, 0, 0, 0, 0, 0, 18, 21, 69
"/Users/kadirnacar/github/security/alpr/openalpr/src/openalpr/detection/detectormorph.cpp", "C++", 0, 0, 0, 0, 0, 0, 146, 0, 0, 0, 0, 0, 0, 0, 0, 0, 0, 0, 0, 0, 0, 0, 0, 0, 0, 32, 55, 233
"/Users/kadirnacar/github/security/alpr/openalpr/src/openalpr/detection/detectormorph.h", "C++", 0, 0, 0, 0, 0, 0, 22, 0, 0, 0, 0, 0, 0, 0, 0, 0, 0, 0, 0, 0, 0, 0, 0, 0, 0, 18, 13, 53
"/Users/kadirnacar/github/security/alpr/openalpr/src/openalpr/detection/detectorocl.cpp", "C++", 0, 0, 0, 0, 0, 0, 98, 0, 0, 0, 0, 0, 0, 0, 0, 0, 0, 0, 0, 0, 0, 0, 0, 0, 0, 20, 32, 150
"/Users/kadirnacar/github/security/alpr/openalpr/src/openalpr/detection/detectorocl.h", "C++", 0, 0, 0, 0, 0, 0, 25, 0, 0, 0, 0, 0, 0, 0, 0, 0, 0, 0, 0, 0, 0, 0, 0, 0, 0, 18, 16, 59
"/Users/kadirnacar/github/security/alpr/openalpr/src/openalpr/edges/edgefinder.cpp", "C++", 0, 0, 0, 0, 0, 0, 221, 0, 0, 0, 0, 0, 0, 0, 0, 0, 0, 0, 0, 0, 0, 0, 0, 0, 0, 35, 90, 346
"/Users/kadirnacar/github/security/alpr/openalpr/src/openalpr/edges/edgefinder.h", "C++", 0, 0, 0, 0, 0, 0, 23, 0, 0, 0, 0, 0, 0, 0, 0, 0, 0, 0, 0, 0, 0, 0, 0, 0, 0, 18, 14, 55
"/Users/kadirnacar/github/security/alpr/openalpr/src/openalpr/edges/platecorners.cpp", "C++", 0, 0, 0, 0, 0, 0, 226, 0, 0, 0, 0, 0, 0, 0, 0, 0, 0, 0, 0, 0, 0, 0, 0, 0, 0, 50, 90, 366
"/Users/kadirnacar/github/security/alpr/openalpr/src/openalpr/edges/platecorners.h", "C++", 0, 0, 0, 0, 0, 0, 41, 0, 0, 0, 0, 0, 0, 0, 0, 0, 0, 0, 0, 0, 0, 0, 0, 0, 0, 18, 21, 80
"/Users/kadirnacar/github/security/alpr/openalpr/src/openalpr/edges/platelines.cpp", "C++", 0, 0, 0, 0, 0, 0, 162, 0, 0, 0, 0, 0, 0, 0, 0, 0, 0, 0, 0, 0, 0, 0, 0, 0, 0, 31, 58, 251
"/Users/kadirnacar/github/security/alpr/openalpr/src/openalpr/edges/platelines.h", "C++", 0, 0, 0, 0, 0, 0, 33, 0, 0, 0, 0, 0, 0, 0, 0, 0, 0, 0, 0, 0, 0, 0, 0, 0, 0, 18, 15, 66
"/Users/kadirnacar/github/security/alpr/openalpr/src/openalpr/edges/scorekeeper.cpp", "C++", 0, 0, 0, 0, 0, 0, 45, 0, 0, 0, 0, 0, 0, 0, 0, 0, 0, 0, 0, 0, 0, 0, 0, 0, 0, 19, 23, 87
"/Users/kadirnacar/github/security/alpr/openalpr/src/openalpr/edges/scorekeeper.h", "C++", 0, 0, 0, 0, 0, 0, 22, 0, 0, 0, 0, 0, 0, 0, 0, 0, 0, 0, 0, 0, 0, 0, 0, 0, 0, 18, 15, 55
"/Users/kadirnacar/github/security/alpr/openalpr/src/openalpr/edges/textlinecollection.cpp", "C++", 0, 0, 0, 0, 0, 0, 89, 0, 0, 0, 0, 0, 0, 0, 0, 0, 0, 0, 0, 0, 0, 0, 0, 0, 0, 19, 57, 165
"/Users/kadirnacar/github/security/alpr/openalpr/src/openalpr/edges/textlinecollection.h", "C++", 0, 0, 0, 0, 0, 0, 29, 0, 0, 0, 0, 0, 0, 0, 0, 0, 0, 0, 0, 0, 0, 0, 0, 0, 0, 6, 19, 54
"/Users/kadirnacar/github/security/alpr/openalpr/src/openalpr/licenseplatecandidate.cpp", "C++", 0, 0, 0, 0, 0, 0, 76, 0, 0, 0, 0, 0, 0, 0, 0, 0, 0, 0, 0, 0, 0, 0, 0, 0, 0, 25, 42, 143
"/Users/kadirnacar/github/security/alpr/openalpr/src/openalpr/licenseplatecandidate.h", "C++", 0, 0, 0, 0, 0, 0, 32, 0, 0, 0, 0, 0, 0, 0, 0, 0, 0, 0, 0, 0, 0, 0, 0, 0, 0, 18, 17, 67
"/Users/kadirnacar/github/security/alpr/openalpr/src/openalpr/motiondetector.cpp", "C++", 0, 0, 0, 0, 0, 0, 65, 0, 0, 0, 0, 0, 0, 0, 0, 0, 0, 0, 0, 0, 0, 0, 0, 0, 0, 10, 12, 87
"/Users/kadirnacar/github/security/alpr/openalpr/src/openalpr/motiondetector.h", "C++", 0, 0, 0, 0, 0, 0, 18, 0, 0, 0, 0, 0, 0, 0, 0, 0, 0, 0, 0, 0, 0, 0, 0, 0, 0, 0, 5, 23
"/Users/kadirnacar/github/security/alpr/openalpr/src/openalpr/ocr/ocr.cpp", "C++", 0, 0, 0, 0, 0, 0, 29, 0, 0, 0, 0, 0, 0, 0, 0, 0, 0, 0, 0, 0, 0, 0, 0, 0, 0, 18, 15, 62
"/Users/kadirnacar/github/security/alpr/openalpr/src/openalpr/ocr/ocr.h", "C++", 0, 0, 0, 0, 0, 0, 25, 0, 0, 0, 0, 0, 0, 0, 0, 0, 0, 0, 0, 0, 0, 0, 0, 0, 0, 18, 12, 55
"/Users/kadirnacar/github/security/alpr/openalpr/src/openalpr/ocr/ocrfactory.cpp", "C++", 0, 0, 0, 0, 0, 0, 9, 0, 0, 0, 0, 0, 0, 0, 0, 0, 0, 0, 0, 0, 0, 0, 0, 0, 0, 0, 4, 13
"/Users/kadirnacar/github/security/alpr/openalpr/src/openalpr/ocr/ocrfactory.h", "C++", 0, 0, 0, 0, 0, 0, 9, 0, 0, 0, 0, 0, 0, 0, 0, 0, 0, 0, 0, 0, 0, 0, 0, 0, 0, 18, 7, 34
"/Users/kadirnacar/github/security/alpr/openalpr/src/openalpr/ocr/segmentation/charactersegmenter.cpp", "C++", 0, 0, 0, 0, 0, 0, 726, 0, 0, 0, 0, 0, 0, 0, 0, 0, 0, 0, 0, 0, 0, 0, 0, 0, 0, 134, 226, 1086
"/Users/kadirnacar/github/security/alpr/openalpr/src/openalpr/ocr/segmentation/charactersegmenter.h", "C++", 0, 0, 0, 0, 0, 0, 50, 0, 0, 0, 0, 0, 0, 0, 0, 0, 0, 0, 0, 0, 0, 0, 0, 0, 0, 18, 26, 94
"/Users/kadirnacar/github/security/alpr/openalpr/src/openalpr/ocr/segmentation/histogram.cpp", "C++", 0, 0, 0, 0, 0, 0, 177, 0, 0, 0, 0, 0, 0, 0, 0, 0, 0, 0, 0, 0, 0, 0, 0, 0, 0, 25, 56, 258
"/Users/kadirnacar/github/security/alpr/openalpr/src/openalpr/ocr/segmentation/histogram.h", "C++", 0, 0, 0, 0, 0, 0, 26, 0, 0, 0, 0, 0, 0, 0, 0, 0, 0, 0, 0, 0, 0, 0, 0, 0, 0, 20, 15, 61
"/Users/kadirnacar/github/security/alpr/openalpr/src/openalpr/ocr/segmentation/histogramhorizontal.cpp", "C++", 0, 0, 0, 0, 0, 0, 7, 0, 0, 0, 0, 0, 0, 0, 0, 0, 0, 0, 0, 0, 0, 0, 0, 0, 0, 18, 3, 28
"/Users/kadirnacar/github/security/alpr/openalpr/src/openalpr/ocr/segmentation/histogramhorizontal.h", "C++", 0, 0, 0, 0, 0, 0, 13, 0, 0, 0, 0, 0, 0, 0, 0, 0, 0, 0, 0, 0, 0, 0, 0, 0, 0, 18, 5, 36
"/Users/kadirnacar/github/security/alpr/openalpr/src/openalpr/ocr/segmentation/histogramvertical.cpp", "C++", 0, 0, 0, 0, 0, 0, 10, 0, 0, 0, 0, 0, 0, 0, 0, 0, 0, 0, 0, 0, 0, 0, 0, 0, 0, 18, 9, 37
"/Users/kadirnacar/github/security/alpr/openalpr/src/openalpr/ocr/segmentation/histogramvertical.h", "C++", 0, 0, 0, 0, 0, 0, 14, 0, 0, 0, 0, 0, 0, 0, 0, 0, 0, 0, 0, 0, 0, 0, 0, 0, 0, 18, 12, 44
"/Users/kadirnacar/github/security/alpr/openalpr/src/openalpr/ocr/segmentation/segment.cpp", "C++", 0, 0, 0, 0, 0, 0, 25, 0, 0, 0, 0, 0, 0, 0, 0, 0, 0, 0, 0, 0, 0, 0, 0, 0, 0, 19, 10, 54
"/Users/kadirnacar/github/security/alpr/openalpr/src/openalpr/ocr/segmentation/segment.h", "C++", 0, 0, 0, 0, 0, 0, 17, 0, 0, 0, 0, 0, 0, 0, 0, 0, 0, 0, 0, 0, 0, 0, 0, 0, 0, 18, 12, 47
"/Users/kadirnacar/github/security/alpr/openalpr/src/openalpr/ocr/segmentation/segmentationgroup.cpp", "C++", 0, 0, 0, 0, 0, 0, 25, 0, 0, 0, 0, 0, 0, 0, 0, 0, 0, 0, 0, 0, 0, 0, 0, 0, 0, 18, 11, 54
"/Users/kadirnacar/github/security/alpr/openalpr/src/openalpr/ocr/segmentation/segmentationgroup.h", "C++", 0, 0, 0, 0, 0, 0, 21, 0, 0, 0, 0, 0, 0, 0, 0, 0, 0, 0, 0, 0, 0, 0, 0, 0, 0, 18, 16, 55
"/Users/kadirnacar/github/security/alpr/openalpr/src/openalpr/ocr/tesseract_ocr.cpp", "C++", 0, 0, 0, 0, 0, 0, 102, 0, 0, 0, 0, 0, 0, 0, 0, 0, 0, 0, 0, 0, 0, 0, 0, 0, 0, 25, 36, 163
"/Users/kadirnacar/github/security/alpr/openalpr/src/openalpr/ocr/tesseract_ocr.h", "C++", 0, 0, 0, 0, 0, 0, 27, 0, 0, 0, 0, 0, 0, 0, 0, 0, 0, 0, 0, 0, 0, 0, 0, 0, 0, 18, 17, 62
"/Users/kadirnacar/github/security/alpr/openalpr/src/openalpr/pipeline_data.cpp", "C++", 0, 0, 0, 0, 0, 0, 45, 0, 0, 0, 0, 0, 0, 0, 0, 0, 0, 0, 0, 0, 0, 0, 0, 0, 0, 0, 10, 55
"/Users/kadirnacar/github/security/alpr/openalpr/src/openalpr/pipeline_data.h", "C++", 0, 0, 0, 0, 0, 0, 42, 0, 0, 0, 0, 0, 0, 0, 0, 0, 0, 0, 0, 0, 0, 0, 0, 0, 0, 6, 29, 77
"/Users/kadirnacar/github/security/alpr/openalpr/src/openalpr/postprocess/postprocess.cpp", "C++", 0, 0, 0, 0, 0, 0, 313, 0, 0, 0, 0, 0, 0, 0, 0, 0, 0, 0, 0, 0, 0, 0, 0, 0, 0, 44, 71, 428
"/Users/kadirnacar/github/security/alpr/openalpr/src/openalpr/postprocess/postprocess.h", "C++", 0, 0, 0, 0, 0, 0, 61, 0, 0, 0, 0, 0, 0, 0, 0, 0, 0, 0, 0, 0, 0, 0, 0, 0, 0, 18, 27, 106
"/Users/kadirnacar/github/security/alpr/openalpr/src/openalpr/postprocess/regexrule.cpp", "C++", 0, 0, 0, 0, 0, 0, 93, 0, 0, 0, 0, 0, 0, 0, 0, 0, 0, 0, 0, 0, 0, 0, 0, 0, 0, 20, 32, 145
"/Users/kadirnacar/github/security/alpr/openalpr/src/openalpr/postprocess/regexrule.h", "C++", 0, 0, 0, 0, 0, 0, 27, 0, 0, 0, 0, 0, 0, 0, 0, 0, 0, 0, 0, 0, 0, 0, 0, 0, 0, 18, 9, 54
"/Users/kadirnacar/github/security/alpr/openalpr/src/openalpr/prewarp.cpp", "C++", 0, 0, 0, 0, 0, 0, 199, 0, 0, 0, 0, 0, 0, 0, 0, 0, 0, 0, 0, 0, 0, 0, 0, 0, 0, 30, 74, 303
"/Users/kadirnacar/github/security/alpr/openalpr/src/openalpr/prewarp.h", "C++", 0, 0, 0, 0, 0, 0, 30, 0, 0, 0, 0, 0, 0, 0, 0, 0, 0, 0, 0, 0, 0, 0, 0, 0, 0, 18, 18, 66
"/Users/kadirnacar/github/security/alpr/openalpr/src/openalpr/result_aggregator.cpp", "C++", 0, 0, 0, 0, 0, 0, 269, 0, 0, 0, 0, 0, 0, 0, 0, 0, 0, 0, 0, 0, 0, 0, 0, 0, 0, 51, 86, 406
"/Users/kadirnacar/github/security/alpr/openalpr/src/openalpr/result_aggregator.h", "C++", 0, 0, 0, 0, 0, 0, 50, 0, 0, 0, 0, 0, 0, 0, 0, 0, 0, 0, 0, 0, 0, 0, 0, 0, 0, 19, 25, 94
"/Users/kadirnacar/github/security/alpr/openalpr/src/openalpr/simpleini/ConvertUTF.c", "C", 0, 0, 0, 0, 0, 0, 0, 0, 0, 0, 0, 365, 0, 0, 0, 0, 0, 0, 0, 0, 0, 0, 0, 0, 0, 138, 37, 540
"/Users/kadirnacar/github/security/alpr/openalpr/src/openalpr/simpleini/ConvertUTF.h", "C++", 0, 0, 0, 0, 0, 0, 46, 0, 0, 0, 0, 0, 0, 0, 0, 0, 0, 0, 0, 0, 0, 0, 0, 0, 0, 89, 17, 152
"/Users/kadirnacar/github/security/alpr/openalpr/src/openalpr/simpleini/README.md", "Markdown", 0, 119, 0, 0, 0, 0, 0, 0, 0, 0, 0, 0, 0, 0, 0, 0, 0, 0, 0, 0, 0, 0, 0, 0, 0, 0, 32, 151
"/Users/kadirnacar/github/security/alpr/openalpr/src/openalpr/simpleini/simpleini.h", "C++", 0, 0, 0, 0, 0, 0, 2135, 0, 0, 0, 0, 0, 0, 0, 0, 0, 0, 0, 0, 0, 0, 0, 0, 0, 0, 1192, 180, 3507
"/Users/kadirnacar/github/security/alpr/openalpr/src/openalpr/simpleini/snippets.cpp", "C++", 0, 0, 0, 0, 0, 0, 65, 0, 0, 0, 0, 0, 0, 0, 0, 0, 0, 0, 0, 0, 0, 0, 0, 0, 0, 33, 27, 125
"/Users/kadirnacar/github/security/alpr/openalpr/src/openalpr/support/fast_mutex.h", "C++", 0, 0, 0, 0, 0, 0, 174, 0, 0, 0, 0, 0, 0, 0, 0, 0, 0, 0, 0, 0, 0, 0, 0, 0, 0, 59, 16, 249
"/Users/kadirnacar/github/security/alpr/openalpr/src/openalpr/support/filesystem.cpp", "C++", 0, 0, 0, 0, 0, 0, 195, 0, 0, 0, 0, 0, 0, 0, 0, 0, 0, 0, 0, 0, 0, 0, 0, 0, 0, 13, 53, 261
"/Users/kadirnacar/github/security/alpr/openalpr/src/openalpr/support/filesystem.h", "C++", 0, 0, 0, 0, 0, 0, 41, 0, 0, 0, 0, 0, 0, 0, 0, 0, 0, 0, 0, 0, 0, 0, 0, 0, 0, 0, 14, 55
"/Users/kadirnacar/github/security/alpr/openalpr/src/openalpr/support/platform.cpp", "C++", 0, 0, 0, 0, 0, 0, 49, 0, 0, 0, 0, 0, 0, 0, 0, 0, 0, 0, 0, 0, 0, 0, 0, 0, 0, 0, 7, 56
"/Users/kadirnacar/github/security/alpr/openalpr/src/openalpr/support/platform.h", "C++", 0, 0, 0, 0, 0, 0, 15, 0, 0, 0, 0, 0, 0, 0, 0, 0, 0, 0, 0, 0, 0, 0, 0, 0, 0, 0, 8, 23
"/Users/kadirnacar/github/security/alpr/openalpr/src/openalpr/support/re2.h", "C++", 0, 0, 0, 0, 0, 0, 353, 0, 0, 0, 0, 0, 0, 0, 0, 0, 0, 0, 0, 0, 0, 0, 0, 0, 0, 429, 102, 884
"/Users/kadirnacar/github/security/alpr/openalpr/src/openalpr/support/re2/bitstate.cc", "C++", 0, 0, 0, 0, 0, 0, 255, 0, 0, 0, 0, 0, 0, 0, 0, 0, 0, 0, 0, 0, 0, 0, 0, 0, 0, 80, 46, 381
"/Users/kadirnacar/github/security/alpr/openalpr/src/openalpr/support/re2/compile.cc", "C++", 0, 0, 0, 0, 0, 0, 776, 0, 0, 0, 0, 0, 0, 0, 0, 0, 0, 0, 0, 0, 0, 0, 0, 0, 0, 200, 169, 1145
"/Users/kadirnacar/github/security/alpr/openalpr/src/openalpr/support/re2/dfa.cc", "C++", 0, 0, 0, 0, 0, 0, 1251, 0, 0, 0, 0, 0, 0, 0, 0, 0, 0, 0, 0, 0, 0, 0, 0, 0, 0, 639, 223, 2113
"/Users/kadirnacar/github/security/alpr/openalpr/src/openalpr/support/re2/filtered_re2.cc", "C++", 0, 0, 0, 0, 0, 0, 88, 0, 0, 0, 0, 0, 0, 0, 0, 0, 0, 0, 0, 0, 0, 0, 0, 0, 0, 3, 17, 108
"/Users/kadirnacar/github/security/alpr/openalpr/src/openalpr/support/re2/filtered_re2.h", "C++", 0, 0, 0, 0, 0, 0, 37, 0, 0, 0, 0, 0, 0, 0, 0, 0, 0, 0, 0, 0, 0, 0, 0, 0, 0, 49, 24, 110
"/Users/kadirnacar/github/security/alpr/openalpr/src/openalpr/support/re2/mimics_pcre.cc", "C++", 0, 0, 0, 0, 0, 0, 107, 0, 0, 0, 0, 0, 0, 0, 0, 0, 0, 0, 0, 0, 0, 0, 0, 0, 0, 50, 29, 186
"/Users/kadirnacar/github/security/alpr/openalpr/src/openalpr/support/re2/nfa.cc", "C++", 0, 0, 0, 0, 0, 0, 523, 0, 0, 0, 0, 0, 0, 0, 0, 0, 0, 0, 0, 0, 0, 0, 0, 0, 0, 135, 100, 758
"/Users/kadirnacar/github/security/alpr/openalpr/src/openalpr/support/re2/onepass.cc", "C++", 0, 0, 0, 0, 0, 0, 340, 0, 0, 0, 0, 0, 0, 0, 0, 0, 0, 0, 0, 0, 0, 0, 0, 0, 0, 210, 61, 611
"/Users/kadirnacar/github/security/alpr/openalpr/src/openalpr/support/re2/parse.cc", "C++", 0, 0, 0, 0, 0, 0, 1586, 0, 0, 0, 0, 0, 0, 0, 0, 0, 0, 0, 0, 0, 0, 0, 0, 0, 0, 475, 224, 2285
"/Users/kadirnacar/github/security/alpr/openalpr/src/openalpr/support/re2/perl_groups.cc", "C++", 0, 0, 0, 0, 0, 0, 113, 0, 0, 0, 0, 0, 0, 0, 0, 0, 0, 0, 0, 0, 0, 0, 0, 0, 0, 2, 5, 120
"/Users/kadirnacar/github/security/alpr/openalpr/src/openalpr/support/re2/prefilter.cc", "C++", 0, 0, 0, 0, 0, 0, 513, 0, 0, 0, 0, 0, 0, 0, 0, 0, 0, 0, 0, 0, 0, 0, 0, 0, 0, 84, 113, 710
"/Users/kadirnacar/github/security/alpr/openalpr/src/openalpr/support/re2/prefilter.h", "C++", 0, 0, 0, 0, 0, 0, 47, 0, 0, 0, 0, 0, 0, 0, 0, 0, 0, 0, 0, 0, 0, 0, 0, 0, 0, 28, 31, 106
"/Users/kadirnacar/github/security/alpr/openalpr/src/openalpr/support/re2/prefilter_tree.cc", "C++", 0, 0, 0, 0, 0, 0, 310, 0, 0, 0, 0, 0, 0, 0, 0, 0, 0, 0, 0, 0, 0, 0, 0, 0, 0, 39, 53, 402
"/Users/kadirnacar/github/security/alpr/openalpr/src/openalpr/support/re2/prefilter_tree.h", "C++", 0, 0, 0, 0, 0, 0, 41, 0, 0, 0, 0, 0, 0, 0, 0, 0, 0, 0, 0, 0, 0, 0, 0, 0, 0, 61, 30, 132
"/Users/kadirnacar/github/security/alpr/openalpr/src/openalpr/support/re2/prog.cc", "C++", 0, 0, 0, 0, 0, 0, 266, 0, 0, 0, 0, 0, 0, 0, 0, 0, 0, 0, 0, 0, 0, 0, 0, 0, 0, 26, 52, 344
"/Users/kadirnacar/github/security/alpr/openalpr/src/openalpr/support/re2/prog.h", "C++", 0, 0, 0, 0, 0, 0, 213, 0, 0, 0, 0, 0, 0, 0, 0, 0, 0, 0, 0, 0, 0, 0, 0, 0, 0, 108, 61, 382
"/Users/kadirnacar/github/security/alpr/openalpr/src/openalpr/support/re2/re2.cc", "C++", 0, 0, 0, 0, 0, 0, 994, 0, 0, 0, 0, 0, 0, 0, 0, 0, 0, 0, 0, 0, 0, 0, 0, 0, 0, 121, 132, 1247
"/Users/kadirnacar/github/security/alpr/openalpr/src/openalpr/support/re2/regexp.cc", "C++", 0, 0, 0, 0, 0, 0, 724, 0, 0, 0, 0, 0, 0, 0, 0, 0, 0, 0, 0, 0, 0, 0, 0, 0, 0, 94, 120, 938
"/Users/kadirnacar/github/security/alpr/openalpr/src/openalpr/support/re2/regexp.h", "C++", 0, 0, 0, 0, 0, 0, 286, 0, 0, 0, 0, 0, 0, 0, 0, 0, 0, 0, 0, 0, 0, 0, 0, 0, 0, 243, 105, 634
"/Users/kadirnacar/github/security/alpr/openalpr/src/openalpr/support/re2/set.cc", "C++", 0, 0, 0, 0, 0, 0, 95, 0, 0, 0, 0, 0, 0, 0, 0, 0, 0, 0, 0, 0, 0, 0, 0, 0, 0, 4, 15, 114
"/Users/kadirnacar/github/security/alpr/openalpr/src/openalpr/support/re2/set.h", "C++", 0, 0, 0, 0, 0, 0, 25, 0, 0, 0, 0, 0, 0, 0, 0, 0, 0, 0, 0, 0, 0, 0, 0, 0, 0, 19, 12, 56
"/Users/kadirnacar/github/security/alpr/openalpr/src/openalpr/support/re2/simplify.cc", "C++", 0, 0, 0, 0, 0, 0, 278, 0, 0, 0, 0, 0, 0, 0, 0, 0, 0, 0, 0, 0, 0, 0, 0, 0, 0, 71, 44, 393
"/Users/kadirnacar/github/security/alpr/openalpr/src/openalpr/support/re2/stringpiece.cc", "C++", 0, 0, 0, 0, 0, 0, 72, 0, 0, 0, 0, 0, 0, 0, 0, 0, 0, 0, 0, 0, 0, 0, 0, 0, 0, 4, 16, 92
"/Users/kadirnacar/github/security/alpr/openalpr/src/openalpr/support/re2/stringpiece.h", "C++", 0, 0, 0, 0, 0, 0, 121, 0, 0, 0, 0, 0, 0, 0, 0, 0, 0, 0, 0, 0, 0, 0, 0, 0, 0, 33, 32, 186
"/Users/kadirnacar/github/security/alpr/openalpr/src/openalpr/support/re2/tostring.cc", "C++", 0, 0, 0, 0, 0, 0, 261, 0, 0, 0, 0, 0, 0, 0, 0, 0, 0, 0, 0, 0, 0, 0, 0, 0, 0, 30, 51, 342
"/Users/kadirnacar/github/security/alpr/openalpr/src/openalpr/support/re2/unicode_casefold.cc", "C++", 0, 0, 0, 0, 0, 0, 465, 0, 0, 0, 0, 0, 0, 0, 0, 0, 0, 0, 0, 0, 0, 0, 0, 0, 0, 4, 12, 481
"/Users/kadirnacar/github/security/alpr/openalpr/src/openalpr/support/re2/unicode_casefold.h", "C++", 0, 0, 0, 0, 0, 0, 23, 0, 0, 0, 0, 0, 0, 0, 0, 0, 0, 0, 0, 0, 0, 0, 0, 0, 0, 39, 14, 76
"/Users/kadirnacar/github/security/alpr/openalpr/src/openalpr/support/re2/unicode_groups.cc", "C++", 0, 0, 0, 0, 0, 0, 5066, 0, 0, 0, 0, 0, 0, 0, 0, 0, 0, 0, 0, 0, 0, 0, 0, 0, 0, 3, 10, 5079
"/Users/kadirnacar/github/security/alpr/openalpr/src/openalpr/support/re2/unicode_groups.h", "C++", 0, 0, 0, 0, 0, 0, 31, 0, 0, 0, 0, 0, 0, 0, 0, 0, 0, 0, 0, 0, 0, 0, 0, 0, 0, 20, 14, 65
"/Users/kadirnacar/github/security/alpr/openalpr/src/openalpr/support/re2/util/atomicops.h", "C++", 0, 0, 0, 0, 0, 0, 90, 0, 0, 0, 0, 0, 0, 0, 0, 0, 0, 0, 0, 0, 0, 0, 0, 0, 0, 26, 49, 165
"/Users/kadirnacar/github/security/alpr/openalpr/src/openalpr/support/re2/util/benchmark.h", "C++", 0, 0, 0, 0, 0, 0, 30, 0, 0, 0, 0, 0, 0, 0, 0, 0, 0, 0, 0, 0, 0, 0, 0, 0, 0, 3, 9, 42
"/Users/kadirnacar/github/security/alpr/openalpr/src/openalpr/support/re2/util/flags.h", "C++", 0, 0, 0, 0, 0, 0, 13, 0, 0, 0, 0, 0, 0, 0, 0, 0, 0, 0, 0, 0, 0, 0, 0, 0, 0, 7, 8, 28
"/Users/kadirnacar/github/security/alpr/openalpr/src/openalpr/support/re2/util/hash.cc", "C++", 0, 0, 0, 0, 0, 0, 79, 0, 0, 0, 0, 0, 0, 0, 0, 0, 0, 0, 0, 0, 0, 0, 0, 0, 0, 136, 17, 232
"/Users/kadirnacar/github/security/alpr/openalpr/src/openalpr/support/re2/util/logging.h", "C++", 0, 0, 0, 0, 0, 0, 67, 0, 0, 0, 0, 0, 0, 0, 0, 0, 0, 0, 0, 0, 0, 0, 0, 0, 0, 6, 14, 87
"/Users/kadirnacar/github/security/alpr/openalpr/src/openalpr/support/re2/util/mutex.h", "C++", 0, 0, 0, 0, 0, 0, 135, 0, 0, 0, 0, 0, 0, 0, 0, 0, 0, 0, 0, 0, 0, 0, 0, 0, 0, 41, 38, 214
"/Users/kadirnacar/github/security/alpr/openalpr/src/openalpr/support/re2/util/pcre.h", "C++", 0, 0, 0, 0, 0, 0, 297, 0, 0, 0, 0, 0, 0, 0, 0, 0, 0, 0, 0, 0, 0, 0, 0, 0, 0, 318, 65, 680
"/Users/kadirnacar/github/security/alpr/openalpr/src/openalpr/support/re2/util/random.h", "C++", 0, 0, 0, 0, 0, 0, 15, 0, 0, 0, 0, 0, 0, 0, 0, 0, 0, 0, 0, 0, 0, 0, 0, 0, 0, 5, 10, 30
"/Users/kadirnacar/github/security/alpr/openalpr/src/openalpr/support/re2/util/rune.cc", "C++", 0, 0, 0, 0, 0, 0, 169, 0, 0, 0, 0, 0, 0, 0, 0, 0, 0, 0, 0, 0, 0, 0, 0, 0, 0, 60, 30, 259
"/Users/kadirnacar/github/security/alpr/openalpr/src/openalpr/support/re2/util/sparse_array.h", "C++", 0, 0, 0, 0, 0, 0, 239, 0, 0, 0, 0, 0, 0, 0, 0, 0, 0, 0, 0, 0, 0, 0, 0, 0, 0, 155, 60, 454
"/Users/kadirnacar/github/security/alpr/openalpr/src/openalpr/support/re2/util/sparse_set.h", "C++", 0, 0, 0, 0, 0, 0, 103, 0, 0, 0, 0, 0, 0, 0, 0, 0, 0, 0, 0, 0, 0, 0, 0, 0, 0, 62, 24, 189
"/Users/kadirnacar/github/security/alpr/openalpr/src/openalpr/support/re2/util/stringprintf.cc", "C++", 0, 0, 0, 0, 0, 0, 65, 0, 0, 0, 0, 0, 0, 0, 0, 0, 0, 0, 0, 0, 0, 0, 0, 0, 0, 13, 15, 93
"/Users/kadirnacar/github/security/alpr/openalpr/src/openalpr/support/re2/util/strutil.cc", "C++", 0, 0, 0, 0, 0, 0, 68, 0, 0, 0, 0, 0, 0, 0, 0, 0, 0, 0, 0, 0, 0, 0, 0, 0, 0, 23, 12, 103
"/Users/kadirnacar/github/security/alpr/openalpr/src/openalpr/support/re2/util/test.h", "C++", 0, 0, 0, 0, 0, 0, 37, 0, 0, 0, 0, 0, 0, 0, 0, 0, 0, 0, 0, 0, 0, 0, 0, 0, 0, 4, 10, 51
"/Users/kadirnacar/github/security/alpr/openalpr/src/openalpr/support/re2/util/thread.h", "C++", 0, 0, 0, 0, 0, 0, 17, 0, 0, 0, 0, 0, 0, 0, 0, 0, 0, 0, 0, 0, 0, 0, 0, 0, 0, 3, 7, 27
"/Users/kadirnacar/github/security/alpr/openalpr/src/openalpr/support/re2/util/utf.h", "C++", 0, 0, 0, 0, 0, 0, 20, 0, 0, 0, 0, 0, 0, 0, 0, 0, 0, 0, 0, 0, 0, 0, 0, 0, 0, 16, 8, 44
"/Users/kadirnacar/github/security/alpr/openalpr/src/openalpr/support/re2/util/util.h", "C++", 0, 0, 0, 0, 0, 0, 112, 0, 0, 0, 0, 0, 0, 0, 0, 0, 0, 0, 0, 0, 0, 0, 0, 0, 0, 11, 32, 155
"/Users/kadirnacar/github/security/alpr/openalpr/src/openalpr/support/re2/util/valgrind.cc", "C++", 0, 0, 0, 0, 0, 0, 18, 0, 0, 0, 0, 0, 0, 0, 0, 0, 0, 0, 0, 0, 0, 0, 0, 0, 0, 3, 6, 27
"/Users/kadirnacar/github/security/alpr/openalpr/src/openalpr/support/re2/util/valgrind.h", "C++", 0, 0, 0, 0, 0, 0, 3823, 0, 0, 0, 0, 0, 0, 0, 0, 0, 0, 0, 0, 0, 0, 0, 0, 0, 0, 423, 272, 4518
"/Users/kadirnacar/github/security/alpr/openalpr/src/openalpr/support/re2/variadic_function.h", "C++", 0, 0, 0, 0, 0, 0, 304, 0, 0, 0, 0, 0, 0, 0, 0, 0, 0, 0, 0, 0, 0, 0, 0, 0, 0, 3, 38, 345
"/Users/kadirnacar/github/security/alpr/openalpr/src/openalpr/support/re2/walker-inl.h", "C++", 0, 0, 0, 0, 0, 0, 144, 0, 0, 0, 0, 0, 0, 0, 0, 0, 0, 0, 0, 0, 0, 0, 0, 0, 0, 64, 37, 245
"/Users/kadirnacar/github/security/alpr/openalpr/src/openalpr/support/timing.cpp", "C++", 0, 0, 0, 0, 0, 0, 164, 0, 0, 0, 0, 0, 0, 0, 0, 0, 0, 0, 0, 0, 0, 0, 0, 0, 0, 4, 38, 206
"/Users/kadirnacar/github/security/alpr/openalpr/src/openalpr/support/timing.h", "C++", 0, 0, 0, 0, 0, 0, 30, 0, 0, 0, 0, 0, 0, 0, 0, 0, 0, 0, 0, 0, 0, 0, 0, 0, 0, 2, 13, 45
"/Users/kadirnacar/github/security/alpr/openalpr/src/openalpr/support/tinydir.h", "C++", 0, 0, 0, 0, 0, 0, 346, 0, 0, 0, 0, 0, 0, 0, 0, 0, 0, 0, 0, 0, 0, 0, 0, 0, 0, 31, 23, 400
"/Users/kadirnacar/github/security/alpr/openalpr/src/openalpr/support/tinythread.cpp", "C++", 0, 0, 0, 0, 0, 0, 190, 0, 0, 0, 0, 0, 0, 0, 0, 0, 0, 0, 0, 0, 0, 0, 0, 0, 0, 71, 43, 304
"/Users/kadirnacar/github/security/alpr/openalpr/src/openalpr/support/tinythread.h", "C++", 0, 0, 0, 0, 0, 0, 376, 0, 0, 0, 0, 0, 0, 0, 0, 0, 0, 0, 0, 0, 0, 0, 0, 0, 0, 255, 84, 715
"/Users/kadirnacar/github/security/alpr/openalpr/src/openalpr/support/utf8.cpp", "C++", 0, 0, 0, 0, 0, 0, 22, 0, 0, 0, 0, 0, 0, 0, 0, 0, 0, 0, 0, 0, 0, 0, 0, 0, 0, 0, 1, 23
"/Users/kadirnacar/github/security/alpr/openalpr/src/openalpr/support/utf8.h", "C++", 0, 0, 0, 0, 0, 0, 7, 0, 0, 0, 0, 0, 0, 0, 0, 0, 0, 0, 0, 0, 0, 0, 0, 0, 0, 24, 7, 38
"/Users/kadirnacar/github/security/alpr/openalpr/src/openalpr/support/utf8/checked.h", "C++", 0, 0, 0, 0, 0, 0, 258, 0, 0, 0, 0, 0, 0, 0, 0, 0, 0, 0, 0, 0, 0, 0, 0, 0, 0, 35, 35, 328
"/Users/kadirnacar/github/security/alpr/openalpr/src/openalpr/support/utf8/core.h", "C++", 0, 0, 0, 0, 0, 0, 224, 0, 0, 0, 0, 0, 0, 0, 0, 0, 0, 0, 0, 0, 0, 0, 0, 0, 0, 44, 62, 330
"/Users/kadirnacar/github/security/alpr/openalpr/src/openalpr/support/utf8/unchecked.h", "C++", 0, 0, 0, 0, 0, 0, 178, 0, 0, 0, 0, 0, 0, 0, 0, 0, 0, 0, 0, 0, 0, 0, 0, 0, 0, 28, 23, 229
"/Users/kadirnacar/github/security/alpr/openalpr/src/openalpr/support/version.cpp", "C++", 0, 0, 0, 0, 0, 0, 23, 0, 0, 0, 0, 0, 0, 0, 0, 0, 0, 0, 0, 0, 0, 0, 0, 0, 0, 0, 7, 30
"/Users/kadirnacar/github/security/alpr/openalpr/src/openalpr/support/version.h", "C++", 0, 0, 0, 0, 0, 0, 6, 0, 0, 0, 0, 0, 0, 0, 0, 0, 0, 0, 0, 0, 0, 0, 0, 0, 0, 5, 7, 18
"/Users/kadirnacar/github/security/alpr/openalpr/src/openalpr/textdetection/characteranalysis.cpp", "C++", 0, 0, 0, 0, 0, 0, 476, 0, 0, 0, 0, 0, 0, 0, 0, 0, 0, 0, 0, 0, 0, 0, 0, 0, 0, 50, 157, 683
"/Users/kadirnacar/github/security/alpr/openalpr/src/openalpr/textdetection/characteranalysis.h", "C++", 0, 0, 0, 0, 0, 0, 36, 0, 0, 0, 0, 0, 0, 0, 0, 0, 0, 0, 0, 0, 0, 0, 0, 0, 0, 18, 20, 74
"/Users/kadirnacar/github/security/alpr/openalpr/src/openalpr/textdetection/linefinder.cpp", "C++", 0, 0, 0, 0, 0, 0, 303, 0, 0, 0, 0, 0, 0, 0, 0, 0, 0, 0, 0, 0, 0, 0, 0, 0, 0, 37, 126, 466
"/Users/kadirnacar/github/security/alpr/openalpr/src/openalpr/textdetection/linefinder.h", "C++", 0, 0, 0, 0, 0, 0, 32, 0, 0, 0, 0, 0, 0, 0, 0, 0, 0, 0, 0, 0, 0, 0, 0, 0, 0, 23, 16, 71
"/Users/kadirnacar/github/security/alpr/openalpr/src/openalpr/textdetection/platemask.cpp", "C++", 0, 0, 0, 0, 0, 0, 133, 0, 0, 0, 0, 0, 0, 0, 0, 0, 0, 0, 0, 0, 0, 0, 0, 0, 0, 32, 38, 203
"/Users/kadirnacar/github/security/alpr/openalpr/src/openalpr/textdetection/platemask.h", "C++", 0, 0, 0, 0, 0, 0, 20, 0, 0, 0, 0, 0, 0, 0, 0, 0, 0, 0, 0, 0, 0, 0, 0, 0, 0, 18, 14, 52
"/Users/kadirnacar/github/security/alpr/openalpr/src/openalpr/textdetection/textcontours.cpp", "C++", 0, 0, 0, 0, 0, 0, 85, 0, 0, 0, 0, 0, 0, 0, 0, 0, 0, 0, 0, 0, 0, 0, 0, 0, 0, 18, 38, 141
"/Users/kadirnacar/github/security/alpr/openalpr/src/openalpr/textdetection/textcontours.h", "C++", 0, 0, 0, 0, 0, 0, 27, 0, 0, 0, 0, 0, 0, 0, 0, 0, 0, 0, 0, 0, 0, 0, 0, 0, 0, 18, 17, 62
"/Users/kadirnacar/github/security/alpr/openalpr/src/openalpr/textdetection/textline.cpp", "C++", 0, 0, 0, 0, 0, 0, 78, 0, 0, 0, 0, 0, 0, 0, 0, 0, 0, 0, 0, 0, 0, 0, 0, 0, 0, 22, 37, 137
"/Users/kadirnacar/github/security/alpr/openalpr/src/openalpr/textdetection/textline.h", "C++", 0, 0, 0, 0, 0, 0, 27, 0, 0, 0, 0, 0, 0, 0, 0, 0, 0, 0, 0, 0, 0, 0, 0, 0, 0, 18, 15, 60
"/Users/kadirnacar/github/security/alpr/openalpr/src/openalpr/transformation.cpp", "C++", 0, 0, 0, 0, 0, 0, 86, 0, 0, 0, 0, 0, 0, 0, 0, 0, 0, 0, 0, 0, 0, 0, 0, 0, 0, 24, 38, 148
"/Users/kadirnacar/github/security/alpr/openalpr/src/openalpr/transformation.h", "C++", 0, 0, 0, 0, 0, 0, 25, 0, 0, 0, 0, 0, 0, 0, 0, 0, 0, 0, 0, 0, 0, 0, 0, 0, 0, 18, 14, 57
"/Users/kadirnacar/github/security/alpr/openalpr/src/openalpr/utility.cpp", "C++", 0, 0, 0, 0, 0, 0, 455, 0, 0, 0, 0, 0, 0, 0, 0, 0, 0, 0, 0, 0, 0, 0, 0, 0, 0, 80, 107, 642
"/Users/kadirnacar/github/security/alpr/openalpr/src/openalpr/utility.h", "C++", 0, 0, 0, 0, 0, 0, 70, 0, 0, 0, 0, 0, 0, 0, 0, 0, 0, 0, 0, 0, 0, 0, 0, 0, 0, 21, 35, 126
"/Users/kadirnacar/github/security/alpr/openalpr/src/plate_push.py", "Python", 0, 0, 0, 0, 6, 0, 0, 0, 0, 0, 0, 0, 0, 0, 0, 0, 0, 0, 0, 0, 0, 0, 0, 0, 0, 1, 7, 14
"/Users/kadirnacar/github/security/alpr/openalpr/src/statedetection/featurematcher.cpp", "C++", 0, 0, 0, 0, 0, 0, 267, 0, 0, 0, 0, 0, 0, 0, 0, 0, 0, 0, 0, 0, 0, 0, 0, 0, 0, 67, 67, 401
"/Users/kadirnacar/github/security/alpr/openalpr/src/statedetection/featurematcher.h", "C++", 0, 0, 0, 0, 0, 0, 42, 0, 0, 0, 0, 0, 0, 0, 0, 0, 0, 0, 0, 0, 0, 0, 0, 0, 0, 18, 22, 82
"/Users/kadirnacar/github/security/alpr/openalpr/src/statedetection/line_segment.cpp", "C++", 0, 0, 0, 0, 0, 0, 108, 0, 0, 0, 0, 0, 0, 0, 0, 0, 0, 0, 0, 0, 0, 0, 0, 0, 0, 22, 32, 162
"/Users/kadirnacar/github/security/alpr/openalpr/src/statedetection/line_segment.h", "C++", 0, 0, 0, 0, 0, 0, 31, 0, 0, 0, 0, 0, 0, 0, 0, 0, 0, 0, 0, 0, 0, 0, 0, 0, 0, 19, 18, 68
"/Users/kadirnacar/github/security/alpr/openalpr/src/statedetection/state_detector.cpp", "C++", 0, 0, 0, 0, 0, 0, 24, 0, 0, 0, 0, 0, 0, 0, 0, 0, 0, 0, 0, 0, 0, 0, 0, 0, 0, 18, 11, 53
"/Users/kadirnacar/github/security/alpr/openalpr/src/statedetection/state_detector.h", "C++", 0, 0, 0, 0, 0, 0, 23, 0, 0, 0, 0, 0, 0, 0, 0, 0, 0, 0, 0, 0, 0, 0, 0, 0, 0, 20, 13, 56
"/Users/kadirnacar/github/security/alpr/openalpr/src/statedetection/state_detector_impl.cpp", "C++", 0, 0, 0, 0, 0, 0, 44, 0, 0, 0, 0, 0, 0, 0, 0, 0, 0, 0, 0, 0, 0, 0, 0, 0, 0, 18, 21, 83
"/Users/kadirnacar/github/security/alpr/openalpr/src/statedetection/state_detector_impl.h", "C++", 0, 0, 0, 0, 0, 0, 20, 0, 0, 0, 0, 0, 0, 0, 0, 0, 0, 0, 0, 0, 0, 0, 0, 0, 0, 19, 11, 50
"/Users/kadirnacar/github/security/alpr/openalpr/src/tclap/Arg.h", "C++", 0, 0, 0, 0, 0, 0, 350, 0, 0, 0, 0, 0, 0, 0, 0, 0, 0, 0, 0, 0, 0, 0, 0, 0, 0, 274, 92, 716
"/Users/kadirnacar/github/security/alpr/openalpr/src/tclap/ArgException.h", "C++", 0, 0, 0, 0, 0, 0, 93, 0, 0, 0, 0, 0, 0, 0, 0, 0, 0, 0, 0, 0, 0, 0, 0, 0, 0, 87, 28, 208
"/Users/kadirnacar/github/security/alpr/openalpr/src/tclap/ArgTraits.h", "C++", 0, 0, 0, 0, 0, 0, 31, 0, 0, 0, 0, 0, 0, 0, 0, 0, 0, 0, 0, 0, 0, 0, 0, 0, 0, 50, 13, 94
"/Users/kadirnacar/github/security/alpr/openalpr/src/tclap/CmdLine.h", "C++", 0, 0, 0, 0, 0, 0, 342, 0, 0, 0, 0, 0, 0, 0, 0, 0, 0, 0, 0, 0, 0, 0, 0, 0, 0, 193, 89, 624
"/Users/kadirnacar/github/security/alpr/openalpr/src/tclap/CmdLineInterface.h", "C++", 0, 0, 0, 0, 0, 0, 35, 0, 0, 0, 0, 0, 0, 0, 0, 0, 0, 0, 0, 0, 0, 0, 0, 0, 0, 89, 28, 152
"/Users/kadirnacar/github/security/alpr/openalpr/src/tclap/CmdLineOutput.h", "C++", 0, 0, 0, 0, 0, 0, 23, 0, 0, 0, 0, 0, 0, 0, 0, 0, 0, 0, 0, 0, 0, 0, 0, 0, 0, 38, 15, 76
"/Users/kadirnacar/github/security/alpr/openalpr/src/tclap/Constraint.h", "C++", 0, 0, 0, 0, 0, 0, 24, 0, 0, 0, 0, 0, 0, 0, 0, 0, 0, 0, 0, 0, 0, 0, 0, 0, 0, 38, 11, 73
"/Users/kadirnacar/github/security/alpr/openalpr/src/tclap/DocBookOutput.h", "C++", 0, 0, 0, 0, 0, 0, 198, 0, 0, 0, 0, 0, 0, 0, 0, 0, 0, 0, 0, 0, 0, 0, 0, 0, 0, 48, 25, 271
"/Users/kadirnacar/github/security/alpr/openalpr/src/tclap/HelpVisitor.h", "C++", 0, 0, 0, 0, 0, 0, 26, 0, 0, 0, 0, 0, 0, 0, 0, 0, 0, 0, 0, 0, 0, 0, 0, 0, 0, 41, 15, 82
"/Users/kadirnacar/github/security/alpr/openalpr/src/tclap/IgnoreRestVisitor.h", "C++", 0, 0, 0, 0, 0, 0, 17, 0, 0, 0, 0, 0, 0, 0, 0, 0, 0, 0, 0, 0, 0, 0, 0, 0, 0, 29, 11, 57
"/Users/kadirnacar/github/security/alpr/openalpr/src/tclap/MultiArg.h", "C++", 0, 0, 0, 0, 0, 0, 230, 0, 0, 0, 0, 0, 0, 0, 0, 0, 0, 0, 0, 0, 0, 0, 0, 0, 0, 165, 42, 437
"/Users/kadirnacar/github/security/alpr/openalpr/src/tclap/MultiSwitchArg.h", "C++", 0, 0, 0, 0, 0, 0, 95, 0, 0, 0, 0, 0, 0, 0, 0, 0, 0, 0, 0, 0, 0, 0, 0, 0, 0, 87, 31, 213
"/Users/kadirnacar/github/security/alpr/openalpr/src/tclap/OptionalUnlabeledTracker.h", "C++", 0, 0, 0, 0, 0, 0, 35, 0, 0, 0, 0, 0, 0, 0, 0, 0, 0, 0, 0, 0, 0, 0, 0, 0, 0, 19, 19, 73
"/Users/kadirnacar/github/security/alpr/openalpr/src/tclap/StandardTraits.h", "C++", 0, 0, 0, 0, 0, 0, 107, 0, 0, 0, 0, 0, 0, 0, 0, 0, 0, 0, 0, 0, 0, 0, 0, 0, 0, 86, 32, 225
"/Users/kadirnacar/github/security/alpr/openalpr/src/tclap/StdOutput.h", "C++", 0, 0, 0, 0, 0, 0, 166, 0, 0, 0, 0, 0, 0, 0, 0, 0, 0, 0, 0, 0, 0, 0, 0, 0, 0, 78, 24, 268
"/Users/kadirnacar/github/security/alpr/openalpr/src/tclap/SwitchArg.h", "C++", 0, 0, 0, 0, 0, 0, 125, 0, 0, 0, 0, 0, 0, 0, 0, 0, 0, 0, 0, 0, 0, 0, 0, 0, 0, 102, 31, 258
"/Users/kadirnacar/github/security/alpr/openalpr/src/tclap/UnlabeledMultiArg.h", "C++", 0, 0, 0, 0, 0, 0, 140, 0, 0, 0, 0, 0, 0, 0, 0, 0, 0, 0, 0, 0, 0, 0, 0, 0, 0, 125, 31, 296
"/Users/kadirnacar/github/security/alpr/openalpr/src/tclap/UnlabeledValueArg.h", "C++", 0, 0, 0, 0, 0, 0, 150, 0, 0, 0, 0, 0, 0, 0, 0, 0, 0, 0, 0, 0, 0, 0, 0, 0, 0, 153, 32, 335
"/Users/kadirnacar/github/security/alpr/openalpr/src/tclap/ValueArg.h", "C++", 0, 0, 0, 0, 0, 0, 206, 0, 0, 0, 0, 0, 0, 0, 0, 0, 0, 0, 0, 0, 0, 0, 0, 0, 0, 181, 38, 425
"/Users/kadirnacar/github/security/alpr/openalpr/src/tclap/ValuesConstraint.h", "C++", 0, 0, 0, 0, 0, 0, 73, 0, 0, 0, 0, 0, 0, 0, 0, 0, 0, 0, 0, 0, 0, 0, 0, 0, 0, 47, 25, 145
"/Users/kadirnacar/github/security/alpr/openalpr/src/tclap/VersionVisitor.h", "C++", 0, 0, 0, 0, 0, 0, 26, 0, 0, 0, 0, 0, 0, 0, 0, 0, 0, 0, 0, 0, 0, 0, 0, 0, 0, 42, 16, 84
"/Users/kadirnacar/github/security/alpr/openalpr/src/tclap/Visitor.h", "C++", 0, 0, 0, 0, 0, 0, 13, 0, 0, 0, 0, 0, 0, 0, 0, 0, 0, 0, 0, 0, 0, 0, 0, 0, 0, 31, 11, 55
"/Users/kadirnacar/github/security/alpr/openalpr/src/tclap/XorHandler.h", "C++", 0, 0, 0, 0, 0, 0, 73, 0, 0, 0, 0, 0, 0, 0, 0, 0, 0, 0, 0, 0, 0, 0, 0, 0, 0, 65, 26, 164
"/Users/kadirnacar/github/security/alpr/openalpr/src/tclap/ZshCompletionOutput.h", "C++", 0, 0, 0, 0, 0, 0, 242, 0, 0, 0, 0, 0, 0, 0, 0, 0, 0, 0, 0, 0, 0, 0, 0, 0, 0, 43, 26, 311
"/Users/kadirnacar/github/security/alpr/openalpr/src/tests/catch.hpp", "C++", 0, 0, 0, 0, 0, 0, 8114, 0, 0, 0, 0, 0, 0, 0, 0, 0, 0, 0, 0, 0, 0, 0, 0, 0, 0, 379, 1708, 10201
"/Users/kadirnacar/github/security/alpr/openalpr/src/tests/test_api.cpp", "C++", 0, 0, 0, 0, 0, 0, 70, 0, 0, 0, 0, 0, 0, 0, 0, 0, 0, 0, 0, 0, 0, 0, 0, 0, 0, 6, 20, 96
"/Users/kadirnacar/github/security/alpr/openalpr/src/tests/test_config.cpp", "C++", 0, 0, 0, 0, 0, 0, 37, 0, 0, 0, 0, 0, 0, 0, 0, 0, 0, 0, 0, 0, 0, 0, 0, 0, 0, 6, 24, 67
"/Users/kadirnacar/github/security/alpr/openalpr/src/tests/test_regex.cpp", "C++", 0, 0, 0, 0, 0, 0, 77, 0, 0, 0, 0, 0, 0, 0, 0, 0, 0, 0, 0, 0, 0, 0, 0, 0, 0, 0, 31, 108
"/Users/kadirnacar/github/security/alpr/openalpr/src/tests/test_utility.cpp", "C++", 0, 0, 0, 0, 0, 0, 42, 0, 0, 0, 0, 0, 0, 0, 0, 0, 0, 0, 0, 0, 0, 0, 0, 0, 0, 10, 14, 66
"/Users/kadirnacar/github/security/alpr/openalpr/src/video/logging_videobuffer.h", "C++", 0, 0, 0, 0, 0, 0, 40, 0, 0, 0, 0, 0, 0, 0, 0, 0, 0, 0, 0, 0, 0, 0, 0, 0, 0, 0, 11, 51
"/Users/kadirnacar/github/security/alpr/openalpr/src/video/videobuffer.cpp", "C++", 0, 0, 0, 0, 0, 0, 140, 0, 0, 0, 0, 0, 0, 0, 0, 0, 0, 0, 0, 0, 0, 0, 0, 0, 0, 32, 48, 220
"/Users/kadirnacar/github/security/alpr/openalpr/src/video/videobuffer.h", "C++", 0, 0, 0, 0, 0, 0, 77, 0, 0, 0, 0, 0, 0, 0, 0, 0, 0, 0, 0, 0, 0, 0, 0, 0, 0, 4, 38, 119
"/Users/kadirnacar/github/security/alpr/webservice/README.md", "Markdown", 0, 104, 0, 0, 0, 0, 0, 0, 0, 0, 0, 0, 0, 0, 0, 0, 0, 0, 0, 0, 0, 0, 0, 0, 0, 0, 3, 107
"/Users/kadirnacar/github/security/alpr/webservice/openalpr_web.py", "Python", 0, 0, 0, 0, 26, 0, 0, 0, 0, 0, 0, 0, 0, 0, 0, 0, 0, 0, 0, 0, 0, 0, 0, 0, 0, 0, 16, 42
"/Users/kadirnacar/github/security/babel.config.json", "JSON with Comments", 0, 0, 0, 3, 0, 0, 0, 0, 0, 0, 0, 0, 0, 0, 0, 0, 0, 0, 0, 0, 0, 0, 0, 0, 0, 0, 1, 4
"/Users/kadirnacar/github/security/local_modules/fisheyegl/Gruntfile.js", "JavaScript", 0, 0, 0, 0, 0, 0, 0, 0, 0, 0, 0, 0, 0, 0, 0, 0, 0, 0, 33, 0, 0, 0, 0, 0, 0, 24, 4, 61
"/Users/kadirnacar/github/security/local_modules/fisheyegl/README.md", "Markdown", 0, 45, 0, 0, 0, 0, 0, 0, 0, 0, 0, 0, 0, 0, 0, 0, 0, 0, 0, 0, 0, 0, 0, 0, 0, 0, 25, 70
"/Users/kadirnacar/github/security/local_modules/fisheyegl/dist/fisheyegl.js", "JavaScript", 0, 0, 0, 0, 0, 0, 0, 0, 0, 0, 0, 0, 0, 0, 0, 0, 0, 0, 410, 0, 0, 0, 0, 0, 0, 9, 72, 491
"/Users/kadirnacar/github/security/local_modules/fisheyegl/example/index.html", "HTML", 0, 0, 0, 0, 0, 0, 0, 0, 0, 0, 0, 0, 0, 0, 0, 0, 0, 0, 0, 102, 0, 0, 0, 0, 0, 0, 1, 103
"/Users/kadirnacar/github/security/local_modules/fisheyegl/example/main.js", "JavaScript", 0, 0, 0, 0, 0, 0, 0, 0, 0, 0, 0, 0, 0, 0, 0, 0, 0, 0, 88, 0, 0, 0, 0, 0, 0, 7, 22, 117
"/Users/kadirnacar/github/security/local_modules/fisheyegl/example/urlHash.js", "JavaScript", 0, 0, 0, 0, 0, 0, 0, 0, 0, 0, 0, 0, 0, 0, 0, 0, 0, 0, 30, 0, 0, 0, 0, 0, 0, 2, 11, 43
"/Users/kadirnacar/github/security/local_modules/fisheyegl/package.json", "JSON", 31, 0, 0, 0, 0, 0, 0, 0, 0, 0, 0, 0, 0, 0, 0, 0, 0, 0, 0, 0, 0, 0, 0, 0, 0, 0, 1, 32
"/Users/kadirnacar/github/security/local_modules/fisheyegl/src/fisheyegl.js", "JavaScript", 0, 0, 0, 0, 0, 0, 0, 0, 0, 0, 0, 0, 0, 0, 0, 0, 0, 0, 223, 0, 0, 0, 0, 0, 0, 10, 58, 291
"/Users/kadirnacar/github/security/local_modules/fisheyegl/src/shaders.js", "JavaScript", 0, 0, 0, 0, 0, 0, 0, 0, 0, 0, 0, 0, 0, 0, 0, 0, 0, 0, 8, 0, 0, 0, 0, 0, 0, 0, 1, 9
"/Users/kadirnacar/github/security/local_modules/fisheyegl/src/shaders/fragment.glfs.js", "JavaScript", 0, 0, 0, 0, 0, 0, 0, 0, 0, 0, 0, 0, 0, 0, 0, 0, 0, 0, 27, 0, 0, 0, 0, 0, 0, 0, 0, 27
"/Users/kadirnacar/github/security/local_modules/fisheyegl/src/shaders/fragment2.glfs.js", "JavaScript", 0, 0, 0, 0, 0, 0, 0, 0, 0, 0, 0, 0, 0, 0, 0, 0, 0, 0, 32, 0, 0, 0, 0, 0, 0, 0, 0, 32
"/Users/kadirnacar/github/security/local_modules/fisheyegl/src/shaders/fragment3.glfs.js", "JavaScript", 0, 0, 0, 0, 0, 0, 0, 0, 0, 0, 0, 0, 0, 0, 0, 0, 0, 0, 30, 0, 0, 0, 0, 0, 0, 0, 0, 30
"/Users/kadirnacar/github/security/local_modules/fisheyegl/src/shaders/method1.glfs.js", "JavaScript", 0, 0, 0, 0, 0, 0, 0, 0, 0, 0, 0, 0, 0, 0, 0, 0, 0, 0, 30, 0, 0, 0, 0, 0, 0, 1, 0, 31
"/Users/kadirnacar/github/security/local_modules/fisheyegl/src/shaders/method2.glfs.js", "JavaScript", 0, 0, 0, 0, 0, 0, 0, 0, 0, 0, 0, 0, 0, 0, 0, 0, 0, 0, 30, 0, 0, 0, 0, 0, 0, 1, 0, 31
"/Users/kadirnacar/github/security/local_modules/fisheyegl/src/shaders/vertex.glvs.js", "JavaScript", 0, 0, 0, 0, 0, 0, 0, 0, 0, 0, 0, 0, 0, 0, 0, 0, 0, 0, 14, 0, 0, 0, 0, 0, 0, 0, 0, 14
"/Users/kadirnacar/github/security/mocks/data/Camera/index.json", "JSON", 1, 0, 0, 0, 0, 0, 0, 0, 0, 0, 0, 0, 0, 0, 0, 0, 0, 0, 0, 0, 0, 0, 0, 0, 0, 0, 0, 1
"/Users/kadirnacar/github/security/mocks/data/Settings/index.json", "JSON", 1, 0, 0, 0, 0, 0, 0, 0, 0, 0, 0, 0, 0, 0, 0, 0, 0, 0, 0, 0, 0, 0, 0, 0, 0, 0, 0, 1
"/Users/kadirnacar/github/security/mocks/data/User/index.json", "JSON", 1, 0, 0, 0, 0, 0, 0, 0, 0, 0, 0, 0, 0, 0, 0, 0, 0, 0, 0, 0, 0, 0, 0, 0, 0, 0, 0, 1
"/Users/kadirnacar/github/security/model/v3/model.json", "JSON", 1, 0, 0, 0, 0, 0, 0, 0, 0, 0, 0, 0, 0, 0, 0, 0, 0, 0, 0, 0, 0, 0, 0, 0, 0, 0, 0, 1
"/Users/kadirnacar/github/security/nx.json", "JSON", 35, 0, 0, 0, 0, 0, 0, 0, 0, 0, 0, 0, 0, 0, 0, 0, 0, 0, 0, 0, 0, 0, 0, 0, 0, 0, 1, 36
"/Users/kadirnacar/github/security/package-lock.json", "JSON", 15614, 0, 0, 0, 0, 0, 0, 0, 0, 0, 0, 0, 0, 0, 0, 0, 0, 0, 0, 0, 0, 0, 0, 0, 0, 0, 1, 15615
"/Users/kadirnacar/github/security/package.json", "JSON", 100, 0, 0, 0, 0, 0, 0, 0, 0, 0, 0, 0, 0, 0, 0, 0, 0, 0, 0, 0, 0, 0, 0, 0, 0, 0, 1, 101
"/Users/kadirnacar/github/security/packages/database/.eslintrc.json", "JSON with Comments", 0, 0, 0, 3, 0, 0, 0, 0, 0, 0, 0, 0, 0, 0, 0, 0, 0, 0, 0, 0, 0, 0, 0, 0, 0, 16, 0, 19
"/Users/kadirnacar/github/security/packages/database/README.md", "Markdown", 0, 2, 0, 0, 0, 0, 0, 0, 0, 0, 0, 0, 0, 0, 0, 0, 0, 0, 0, 0, 0, 0, 0, 0, 0, 0, 2, 4
"/Users/kadirnacar/github/security/packages/database/project.json", "JSON", 15, 0, 0, 0, 0, 0, 0, 0, 0, 0, 0, 0, 0, 0, 0, 0, 0, 0, 0, 0, 0, 0, 0, 0, 0, 0, 1, 16
"/Users/kadirnacar/github/security/packages/database/src/Lowdb/LowdbBase.ts", "TypeScript", 0, 0, 0, 0, 0, 0, 0, 0, 0, 0, 0, 0, 0, 0, 0, 0, 0, 0, 0, 0, 0, 0, 160, 0, 0, 1, 16, 177
"/Users/kadirnacar/github/security/packages/database/src/Services/CameraService.ts", "TypeScript", 0, 0, 0, 0, 0, 0, 0, 0, 0, 0, 0, 0, 0, 0, 0, 0, 0, 0, 0, 0, 0, 0, 6, 0, 0, 0, 2, 8
"/Users/kadirnacar/github/security/packages/database/src/Services/SettingsService.ts", "TypeScript", 0, 0, 0, 0, 0, 0, 0, 0, 0, 0, 0, 0, 0, 0, 0, 0, 0, 0, 0, 0, 0, 0, 14, 0, 0, 0, 2, 16
"/Users/kadirnacar/github/security/packages/database/src/Services/UserService.ts", "TypeScript", 0, 0, 0, 0, 0, 0, 0, 0, 0, 0, 0, 0, 0, 0, 0, 0, 0, 0, 0, 0, 0, 0, 6, 0, 0, 0, 2, 8
"/Users/kadirnacar/github/security/packages/database/src/Services/index.ts", "TypeScript", 0, 0, 0, 0, 0, 0, 0, 0, 0, 0, 0, 0, 0, 0, 0, 0, 0, 0, 0, 0, 0, 0, 8, 0, 0, 0, 2, 10
"/Users/kadirnacar/github/security/packages/database/src/index.ts", "TypeScript", 0, 0, 0, 0, 0, 0, 0, 0, 0, 0, 0, 0, 0, 0, 0, 0, 0, 0, 0, 0, 0, 0, 2, 0, 0, 0, 1, 3
"/Users/kadirnacar/github/security/packages/database/src/utils.ts", "TypeScript", 0, 0, 0, 0, 0, 0, 0, 0, 0, 0, 0, 0, 0, 0, 0, 0, 0, 0, 0, 0, 0, 0, 63, 0, 0, 7, 10, 80
"/Users/kadirnacar/github/security/packages/database/tsconfig.json", "JSON with Comments", 0, 0, 0, 10, 0, 0, 0, 0, 0, 0, 0, 0, 0, 0, 0, 0, 0, 0, 0, 0, 0, 0, 0, 0, 0, 0, 1, 11
"/Users/kadirnacar/github/security/packages/database/tsconfig.lib.json", "JSON", 10, 0, 0, 0, 0, 0, 0, 0, 0, 0, 0, 0, 0, 0, 0, 0, 0, 0, 0, 0, 0, 0, 0, 0, 0, 2, 0, 12
"/Users/kadirnacar/github/security/packages/models/.eslintrc.json", "JSON with Comments", 0, 0, 0, 3, 0, 0, 0, 0, 0, 0, 0, 0, 0, 0, 0, 0, 0, 0, 0, 0, 0, 0, 0, 0, 0, 16, 0, 19
"/Users/kadirnacar/github/security/packages/models/README.md", "Markdown", 0, 4, 0, 0, 0, 0, 0, 0, 0, 0, 0, 0, 0, 0, 0, 0, 0, 0, 0, 0, 0, 0, 0, 0, 0, 0, 4, 8
"/Users/kadirnacar/github/security/packages/models/project.json", "JSON", 15, 0, 0, 0, 0, 0, 0, 0, 0, 0, 0, 0, 0, 0, 0, 0, 0, 0, 0, 0, 0, 0, 0, 0, 0, 0, 1, 16
"/Users/kadirnacar/github/security/packages/models/src/index.ts", "TypeScript", 0, 0, 0, 0, 0, 0, 0, 0, 0, 0, 0, 0, 0, 0, 0, 0, 0, 0, 0, 0, 0, 0, 1, 0, 0, 0, 0, 1
"/Users/kadirnacar/github/security/packages/models/src/lib/Entities/Camera.ts", "TypeScript", 0, 0, 0, 0, 0, 0, 0, 0, 0, 0, 0, 0, 0, 0, 0, 0, 0, 0, 0, 0, 0, 0, 30, 0, 0, 0, 4, 34
"/Users/kadirnacar/github/security/packages/models/src/lib/Entities/IGlRect.ts", "TypeScript", 0, 0, 0, 0, 0, 0, 0, 0, 0, 0, 0, 0, 0, 0, 0, 0, 0, 0, 0, 0, 0, 0, 41, 0, 0, 0, 4, 45
"/Users/kadirnacar/github/security/packages/models/src/lib/Entities/Settings.ts", "TypeScript", 0, 0, 0, 0, 0, 0, 0, 0, 0, 0, 0, 0, 0, 0, 0, 0, 0, 0, 0, 0, 0, 0, 9, 0, 0, 0, 1, 10
"/Users/kadirnacar/github/security/packages/models/src/lib/Entities/User.ts", "TypeScript", 0, 0, 0, 0, 0, 0, 0, 0, 0, 0, 0, 0, 0, 0, 0, 0, 0, 0, 0, 0, 0, 0, 8, 0, 0, 0, 6, 14
"/Users/kadirnacar/github/security/packages/models/src/lib/models.ts", "TypeScript", 0, 0, 0, 0, 0, 0, 0, 0, 0, 0, 0, 0, 0, 0, 0, 0, 0, 0, 0, 0, 0, 0, 12, 0, 0, 0, 1, 13
"/Users/kadirnacar/github/security/packages/models/tsconfig.json", "JSON with Comments", 0, 0, 0, 16, 0, 0, 0, 0, 0, 0, 0, 0, 0, 0, 0, 0, 0, 0, 0, 0, 0, 0, 0, 0, 0, 0, 1, 17
"/Users/kadirnacar/github/security/packages/models/tsconfig.lib.json", "JSON", 8, 0, 0, 0, 0, 0, 0, 0, 0, 0, 0, 0, 0, 0, 0, 0, 0, 0, 0, 0, 0, 0, 0, 0, 0, 3, 0, 11
"/Users/kadirnacar/github/security/packages/server/.eslintrc.json", "JSON with Comments", 0, 0, 0, 3, 0, 0, 0, 0, 0, 0, 0, 0, 0, 0, 0, 0, 0, 0, 0, 0, 0, 0, 0, 0, 0, 16, 0, 19
"/Users/kadirnacar/github/security/packages/server/project.json", "JSON", 45, 0, 0, 0, 0, 0, 0, 0, 0, 0, 0, 0, 0, 0, 0, 0, 0, 0, 0, 0, 0, 0, 0, 0, 0, 0, 1, 46
"/Users/kadirnacar/github/security/packages/server/src/app/routers/camera.ts", "TypeScript", 0, 0, 0, 0, 0, 0, 0, 0, 0, 0, 0, 0, 0, 0, 0, 0, 0, 0, 0, 0, 0, 0, 145, 0, 0, 4, 19, 168
"/Users/kadirnacar/github/security/packages/server/src/app/routers/data.ts", "TypeScript", 0, 0, 0, 0, 0, 0, 0, 0, 0, 0, 0, 0, 0, 0, 0, 0, 0, 0, 0, 0, 0, 0, 95, 0, 0, 0, 11, 106
"/Users/kadirnacar/github/security/packages/server/src/app/services/CameraService.ts", "TypeScript", 0, 0, 0, 0, 0, 0, 0, 0, 0, 0, 0, 0, 0, 0, 0, 0, 0, 0, 0, 0, 0, 0, 160, 0, 0, 25, 21, 206
"/Users/kadirnacar/github/security/packages/server/src/assets/models/lite_mobilenet_v2/model.json", "JSON", 21549, 0, 0, 0, 0, 0, 0, 0, 0, 0, 0, 0, 0, 0, 0, 0, 0, 0, 0, 0, 0, 0, 0, 0, 0, 0, 0, 21549
"/Users/kadirnacar/github/security/packages/server/src/environments/environment.prod.ts", "TypeScript", 0, 0, 0, 0, 0, 0, 0, 0, 0, 0, 0, 0, 0, 0, 0, 0, 0, 0, 0, 0, 0, 0, 3, 0, 0, 0, 1, 4
"/Users/kadirnacar/github/security/packages/server/src/environments/environment.ts", "TypeScript", 0, 0, 0, 0, 0, 0, 0, 0, 0, 0, 0, 0, 0, 0, 0, 0, 0, 0, 0, 0, 0, 0, 3, 0, 0, 0, 1, 4
"/Users/kadirnacar/github/security/packages/server/src/main.ts", "TypeScript", 0, 0, 0, 0, 0, 0, 0, 0, 0, 0, 0, 0, 0, 0, 0, 0, 0, 0, 0, 0, 0, 0, 36, 0, 0, 5, 11, 52
"/Users/kadirnacar/github/security/packages/server/src/onvif-nvt/camera.d.ts", "TypeScript", 0, 0, 0, 0, 0, 0, 0, 0, 0, 0, 0, 0, 0, 0, 0, 0, 0, 0, 0, 0, 0, 0, 81, 0, 0, 56, 2, 139
"/Users/kadirnacar/github/security/packages/server/src/onvif-nvt/camera.js", "JavaScript", 0, 0, 0, 0, 0, 0, 0, 0, 0, 0, 0, 0, 0, 0, 0, 0, 0, 0, 643, 0, 0, 0, 0, 0, 0, 75, 1, 719
"/Users/kadirnacar/github/security/packages/server/src/onvif-nvt/modules/access.d.ts", "TypeScript", 0, 0, 0, 0, 0, 0, 0, 0, 0, 0, 0, 0, 0, 0, 0, 0, 0, 0, 0, 0, 0, 0, 20, 0, 0, 19, 1, 40
"/Users/kadirnacar/github/security/packages/server/src/onvif-nvt/modules/access.js", "JavaScript", 0, 0, 0, 0, 0, 0, 0, 0, 0, 0, 0, 0, 0, 0, 0, 0, 0, 0, 71, 0, 0, 0, 0, 0, 0, 22, 1, 94
"/Users/kadirnacar/github/security/packages/server/src/onvif-nvt/modules/accessrules.d.ts", "TypeScript", 0, 0, 0, 0, 0, 0, 0, 0, 0, 0, 0, 0, 0, 0, 0, 0, 0, 0, 0, 0, 0, 0, 20, 0, 0, 18, 1, 39
"/Users/kadirnacar/github/security/packages/server/src/onvif-nvt/modules/accessrules.js", "JavaScript", 0, 0, 0, 0, 0, 0, 0, 0, 0, 0, 0, 0, 0, 0, 0, 0, 0, 0, 71, 0, 0, 0, 0, 0, 0, 21, 1, 93
"/Users/kadirnacar/github/security/packages/server/src/onvif-nvt/modules/action.d.ts", "TypeScript", 0, 0, 0, 0, 0, 0, 0, 0, 0, 0, 0, 0, 0, 0, 0, 0, 0, 0, 0, 0, 0, 0, 22, 0, 0, 18, 1, 41
"/Users/kadirnacar/github/security/packages/server/src/onvif-nvt/modules/action.js", "JavaScript", 0, 0, 0, 0, 0, 0, 0, 0, 0, 0, 0, 0, 0, 0, 0, 0, 0, 0, 81, 0, 0, 0, 0, 0, 0, 21, 1, 103
"/Users/kadirnacar/github/security/packages/server/src/onvif-nvt/modules/analytics.d.ts", "TypeScript", 0, 0, 0, 0, 0, 0, 0, 0, 0, 0, 0, 0, 0, 0, 0, 0, 0, 0, 0, 0, 0, 0, 27, 0, 0, 140, 1, 168
"/Users/kadirnacar/github/security/packages/server/src/onvif-nvt/modules/analytics.js", "JavaScript", 0, 0, 0, 0, 0, 0, 0, 0, 0, 0, 0, 0, 0, 0, 0, 0, 0, 0, 168, 0, 0, 0, 0, 0, 0, 145, 1, 314
"/Users/kadirnacar/github/security/packages/server/src/onvif-nvt/modules/core.d.ts", "TypeScript", 0, 0, 0, 0, 0, 0, 0, 0, 0, 0, 0, 0, 0, 0, 0, 0, 0, 0, 0, 0, 0, 0, 109, 0, 0, 499, 1, 609
"/Users/kadirnacar/github/security/packages/server/src/onvif-nvt/modules/core.js", "JavaScript", 0, 0, 0, 0, 0, 0, 0, 0, 0, 0, 0, 0, 0, 0, 0, 0, 0, 0, 1022, 0, 0, 0, 0, 0, 0, 504, 1, 1527
"/Users/kadirnacar/github/security/packages/server/src/onvif-nvt/modules/credential.d.ts", "TypeScript", 0, 0, 0, 0, 0, 0, 0, 0, 0, 0, 0, 0, 0, 0, 0, 0, 0, 0, 0, 0, 0, 0, 31, 0, 0, 19, 1, 51
"/Users/kadirnacar/github/security/packages/server/src/onvif-nvt/modules/credential.js", "JavaScript", 0, 0, 0, 0, 0, 0, 0, 0, 0, 0, 0, 0, 0, 0, 0, 0, 0, 0, 126, 0, 0, 0, 0, 0, 0, 23, 1, 150
"/Users/kadirnacar/github/security/packages/server/src/onvif-nvt/modules/deviceio.d.ts", "TypeScript", 0, 0, 0, 0, 0, 0, 0, 0, 0, 0, 0, 0, 0, 0, 0, 0, 0, 0, 0, 0, 0, 0, 32, 0, 0, 18, 1, 51
"/Users/kadirnacar/github/security/packages/server/src/onvif-nvt/modules/deviceio.js", "JavaScript", 0, 0, 0, 0, 0, 0, 0, 0, 0, 0, 0, 0, 0, 0, 0, 0, 0, 0, 131, 0, 0, 0, 0, 0, 0, 21, 1, 153
"/Users/kadirnacar/github/security/packages/server/src/onvif-nvt/modules/discovery.d.ts", "TypeScript", 0, 0, 0, 0, 0, 0, 0, 0, 0, 0, 0, 0, 0, 0, 0, 0, 0, 0, 0, 0, 0, 0, 18, 0, 0, 32, 1, 51
"/Users/kadirnacar/github/security/packages/server/src/onvif-nvt/modules/discovery.js", "JavaScript", 0, 0, 0, 0, 0, 0, 0, 0, 0, 0, 0, 0, 0, 0, 0, 0, 0, 0, 259, 0, 0, 0, 0, 0, 0, 39, 1, 299
"/Users/kadirnacar/github/security/packages/server/src/onvif-nvt/modules/display.d.ts", "TypeScript", 0, 0, 0, 0, 0, 0, 0, 0, 0, 0, 0, 0, 0, 0, 0, 0, 0, 0, 0, 0, 0, 0, 22, 0, 0, 18, 1, 41
"/Users/kadirnacar/github/security/packages/server/src/onvif-nvt/modules/display.js", "JavaScript", 0, 0, 0, 0, 0, 0, 0, 0, 0, 0, 0, 0, 0, 0, 0, 0, 0, 0, 81, 0, 0, 0, 0, 0, 0, 21, 1, 103
"/Users/kadirnacar/github/security/packages/server/src/onvif-nvt/modules/door.d.ts", "TypeScript", 0, 0, 0, 0, 0, 0, 0, 0, 0, 0, 0, 0, 0, 0, 0, 0, 0, 0, 0, 0, 0, 0, 25, 0, 0, 18, 1, 44
"/Users/kadirnacar/github/security/packages/server/src/onvif-nvt/modules/door.js", "JavaScript", 0, 0, 0, 0, 0, 0, 0, 0, 0, 0, 0, 0, 0, 0, 0, 0, 0, 0, 96, 0, 0, 0, 0, 0, 0, 22, 1, 119
"/Users/kadirnacar/github/security/packages/server/src/onvif-nvt/modules/events.d.ts", "TypeScript", 0, 0, 0, 0, 0, 0, 0, 0, 0, 0, 0, 0, 0, 0, 0, 0, 0, 0, 0, 0, 0, 0, 33, 0, 0, 153, 1, 187
"/Users/kadirnacar/github/security/packages/server/src/onvif-nvt/modules/events.js", "JavaScript", 0, 0, 0, 0, 0, 0, 0, 0, 0, 0, 0, 0, 0, 0, 0, 0, 0, 0, 293, 0, 0, 0, 0, 0, 0, 202, 1, 496
"/Users/kadirnacar/github/security/packages/server/src/onvif-nvt/modules/imaging.d.ts", "TypeScript", 0, 0, 0, 0, 0, 0, 0, 0, 0, 0, 0, 0, 0, 0, 0, 0, 0, 0, 0, 0, 0, 0, 22, 0, 0, 18, 1, 41
"/Users/kadirnacar/github/security/packages/server/src/onvif-nvt/modules/imaging.js", "JavaScript", 0, 0, 0, 0, 0, 0, 0, 0, 0, 0, 0, 0, 0, 0, 0, 0, 0, 0, 82, 0, 0, 0, 0, 0, 0, 22, 1, 105
"/Users/kadirnacar/github/security/packages/server/src/onvif-nvt/modules/media.d.ts", "TypeScript", 0, 0, 0, 0, 0, 0, 0, 0, 0, 0, 0, 0, 0, 0, 0, 0, 0, 0, 0, 0, 0, 0, 95, 0, 0, 463, 1, 559
"/Users/kadirnacar/github/security/packages/server/src/onvif-nvt/modules/media.js", "JavaScript", 0, 0, 0, 0, 0, 0, 0, 0, 0, 0, 0, 0, 0, 0, 0, 0, 0, 0, 711, 0, 0, 0, 0, 0, 0, 466, 1, 1178
"/Users/kadirnacar/github/security/packages/server/src/onvif-nvt/modules/media2.d.ts", "TypeScript", 0, 0, 0, 0, 0, 0, 0, 0, 0, 0, 0, 0, 0, 0, 0, 0, 0, 0, 0, 0, 0, 0, 39, 0, 0, 18, 1, 58
"/Users/kadirnacar/github/security/packages/server/src/onvif-nvt/modules/media2.js", "JavaScript", 0, 0, 0, 0, 0, 0, 0, 0, 0, 0, 0, 0, 0, 0, 0, 0, 0, 0, 186, 0, 0, 0, 0, 0, 0, 29, 1, 216
"/Users/kadirnacar/github/security/packages/server/src/onvif-nvt/modules/ptz.d.ts", "TypeScript", 0, 0, 0, 0, 0, 0, 0, 0, 0, 0, 0, 0, 0, 0, 0, 0, 0, 0, 0, 0, 0, 0, 56, 0, 0, 460, 1, 517
"/Users/kadirnacar/github/security/packages/server/src/onvif-nvt/modules/ptz.js", "JavaScript", 0, 0, 0, 0, 0, 0, 0, 0, 0, 0, 0, 0, 0, 0, 0, 0, 0, 0, 912, 0, 0, 0, 0, 0, 0, 465, 1, 1378
"/Users/kadirnacar/github/security/packages/server/src/onvif-nvt/modules/receiver.d.ts", "TypeScript", 0, 0, 0, 0, 0, 0, 0, 0, 0, 0, 0, 0, 0, 0, 0, 0, 0, 0, 0, 0, 0, 0, 20, 0, 0, 18, 1, 39
"/Users/kadirnacar/github/security/packages/server/src/onvif-nvt/modules/receiver.js", "JavaScript", 0, 0, 0, 0, 0, 0, 0, 0, 0, 0, 0, 0, 0, 0, 0, 0, 0, 0, 71, 0, 0, 0, 0, 0, 0, 21, 1, 93
"/Users/kadirnacar/github/security/packages/server/src/onvif-nvt/modules/recording.d.ts", "TypeScript", 0, 0, 0, 0, 0, 0, 0, 0, 0, 0, 0, 0, 0, 0, 0, 0, 0, 0, 0, 0, 0, 0, 33, 0, 0, 18, 1, 52
"/Users/kadirnacar/github/security/packages/server/src/onvif-nvt/modules/recording.js", "JavaScript", 0, 0, 0, 0, 0, 0, 0, 0, 0, 0, 0, 0, 0, 0, 0, 0, 0, 0, 136, 0, 0, 0, 0, 0, 0, 21, 1, 158
"/Users/kadirnacar/github/security/packages/server/src/onvif-nvt/modules/replay.d.ts", "TypeScript", 0, 0, 0, 0, 0, 0, 0, 0, 0, 0, 0, 0, 0, 0, 0, 0, 0, 0, 0, 0, 0, 0, 16, 0, 0, 18, 1, 35
"/Users/kadirnacar/github/security/packages/server/src/onvif-nvt/modules/replay.js", "JavaScript", 0, 0, 0, 0, 0, 0, 0, 0, 0, 0, 0, 0, 0, 0, 0, 0, 0, 0, 51, 0, 0, 0, 0, 0, 0, 21, 1, 73
"/Users/kadirnacar/github/security/packages/server/src/onvif-nvt/modules/schedule.d.ts", "TypeScript", 0, 0, 0, 0, 0, 0, 0, 0, 0, 0, 0, 0, 0, 0, 0, 0, 0, 0, 0, 0, 0, 0, 28, 0, 0, 18, 1, 47
"/Users/kadirnacar/github/security/packages/server/src/onvif-nvt/modules/schedule.js", "JavaScript", 0, 0, 0, 0, 0, 0, 0, 0, 0, 0, 0, 0, 0, 0, 0, 0, 0, 0, 111, 0, 0, 0, 0, 0, 0, 22, 1, 134
"/Users/kadirnacar/github/security/packages/server/src/onvif-nvt/modules/search.d.ts", "TypeScript", 0, 0, 0, 0, 0, 0, 0, 0, 0, 0, 0, 0, 0, 0, 0, 0, 0, 0, 0, 0, 0, 0, 25, 0, 0, 18, 1, 44
"/Users/kadirnacar/github/security/packages/server/src/onvif-nvt/modules/search.js", "JavaScript", 0, 0, 0, 0, 0, 0, 0, 0, 0, 0, 0, 0, 0, 0, 0, 0, 0, 0, 96, 0, 0, 0, 0, 0, 0, 21, 1, 118
"/Users/kadirnacar/github/security/packages/server/src/onvif-nvt/modules/security.d.ts", "TypeScript", 0, 0, 0, 0, 0, 0, 0, 0, 0, 0, 0, 0, 0, 0, 0, 0, 0, 0, 0, 0, 0, 0, 58, 0, 0, 18, 1, 77
"/Users/kadirnacar/github/security/packages/server/src/onvif-nvt/modules/security.js", "JavaScript", 0, 0, 0, 0, 0, 0, 0, 0, 0, 0, 0, 0, 0, 0, 0, 0, 0, 0, 261, 0, 0, 0, 0, 0, 0, 21, 1, 283
"/Users/kadirnacar/github/security/packages/server/src/onvif-nvt/modules/thermal.d.ts", "TypeScript", 0, 0, 0, 0, 0, 0, 0, 0, 0, 0, 0, 0, 0, 0, 0, 0, 0, 0, 0, 0, 0, 0, 20, 0, 0, 18, 1, 39
"/Users/kadirnacar/github/security/packages/server/src/onvif-nvt/modules/thermal.js", "JavaScript", 0, 0, 0, 0, 0, 0, 0, 0, 0, 0, 0, 0, 0, 0, 0, 0, 0, 0, 72, 0, 0, 0, 0, 0, 0, 22, 1, 95
"/Users/kadirnacar/github/security/packages/server/src/onvif-nvt/modules/videoanalytics.d.ts", "TypeScript", 0, 0, 0, 0, 0, 0, 0, 0, 0, 0, 0, 0, 0, 0, 0, 0, 0, 0, 0, 0, 0, 0, 29, 0, 0, 18, 1, 48
"/Users/kadirnacar/github/security/packages/server/src/onvif-nvt/modules/videoanalytics.js", "JavaScript", 0, 0, 0, 0, 0, 0, 0, 0, 0, 0, 0, 0, 0, 0, 0, 0, 0, 0, 116, 0, 0, 0, 0, 0, 0, 23, 1, 140
"/Users/kadirnacar/github/security/packages/server/src/onvif-nvt/onvif-nvt.d.ts", "TypeScript", 0, 0, 0, 0, 0, 0, 0, 0, 0, 0, 0, 0, 0, 0, 0, 0, 0, 0, 0, 0, 0, 0, 9, 0, 0, 19, 2, 30
"/Users/kadirnacar/github/security/packages/server/src/onvif-nvt/onvif-nvt.js", "JavaScript", 0, 0, 0, 0, 0, 0, 0, 0, 0, 0, 0, 0, 0, 0, 0, 0, 0, 0, 56, 0, 0, 0, 0, 0, 0, 22, 1, 79
"/Users/kadirnacar/github/security/packages/server/src/onvif-nvt/utils/config.d.ts", "TypeScript", 0, 0, 0, 0, 0, 0, 0, 0, 0, 0, 0, 0, 0, 0, 0, 0, 0, 0, 0, 0, 0, 0, 4, 0, 0, 0, 1, 5
"/Users/kadirnacar/github/security/packages/server/src/onvif-nvt/utils/config.js", "JavaScript", 0, 0, 0, 0, 0, 0, 0, 0, 0, 0, 0, 0, 0, 0, 0, 0, 0, 0, 27, 0, 0, 0, 0, 0, 0, 0, 1, 28
"/Users/kadirnacar/github/security/packages/server/src/onvif-nvt/utils/save-xml.d.ts", "TypeScript", 0, 0, 0, 0, 0, 0, 0, 0, 0, 0, 0, 0, 0, 0, 0, 0, 0, 0, 0, 0, 0, 0, 3, 0, 0, 0, 1, 4
"/Users/kadirnacar/github/security/packages/server/src/onvif-nvt/utils/save-xml.js", "JavaScript", 0, 0, 0, 0, 0, 0, 0, 0, 0, 0, 0, 0, 0, 0, 0, 0, 0, 0, 32, 0, 0, 0, 0, 0, 0, 3, 1, 36
"/Users/kadirnacar/github/security/packages/server/src/onvif-nvt/utils/snapshot.d.ts", "TypeScript", 0, 0, 0, 0, 0, 0, 0, 0, 0, 0, 0, 0, 0, 0, 0, 0, 0, 0, 0, 0, 0, 0, 8, 0, 0, 33, 1, 42
"/Users/kadirnacar/github/security/packages/server/src/onvif-nvt/utils/snapshot.js", "JavaScript", 0, 0, 0, 0, 0, 0, 0, 0, 0, 0, 0, 0, 0, 0, 0, 0, 0, 0, 61, 0, 0, 0, 0, 0, 0, 34, 1, 96
"/Users/kadirnacar/github/security/packages/server/src/onvif-nvt/utils/soap.d.ts", "TypeScript", 0, 0, 0, 0, 0, 0, 0, 0, 0, 0, 0, 0, 0, 0, 0, 0, 0, 0, 0, 0, 0, 0, 26, 0, 0, 46, 1, 73
"/Users/kadirnacar/github/security/packages/server/src/onvif-nvt/utils/soap.js", "JavaScript", 0, 0, 0, 0, 0, 0, 0, 0, 0, 0, 0, 0, 0, 0, 0, 0, 0, 0, 333, 0, 0, 0, 0, 0, 0, 80, 1, 414
"/Users/kadirnacar/github/security/packages/server/src/onvif-nvt/utils/util.d.ts", "TypeScript", 0, 0, 0, 0, 0, 0, 0, 0, 0, 0, 0, 0, 0, 0, 0, 0, 0, 0, 0, 0, 0, 0, 6, 0, 0, 0, 1, 7
"/Users/kadirnacar/github/security/packages/server/src/onvif-nvt/utils/util.js", "JavaScript", 0, 0, 0, 0, 0, 0, 0, 0, 0, 0, 0, 0, 0, 0, 0, 0, 0, 0, 131, 0, 0, 0, 0, 0, 0, 13, 1, 145
"/Users/kadirnacar/github/security/packages/server/tsconfig.app.json", "JSON", 9, 0, 0, 0, 0, 0, 0, 0, 0, 0, 0, 0, 0, 0, 0, 0, 0, 0, 0, 0, 0, 0, 0, 0, 0, 2, 0, 11
"/Users/kadirnacar/github/security/packages/server/tsconfig.json", "JSON with Comments", 0, 0, 0, 10, 0, 0, 0, 0, 0, 0, 0, 0, 0, 0, 0, 0, 0, 0, 0, 0, 0, 0, 0, 0, 0, 0, 1, 11
"/Users/kadirnacar/github/security/packages/viewer/.eslintrc.json", "JSON with Comments", 0, 0, 0, 3, 0, 0, 0, 0, 0, 0, 0, 0, 0, 0, 0, 0, 0, 0, 0, 0, 0, 0, 0, 0, 0, 16, 0, 19
"/Users/kadirnacar/github/security/packages/viewer/project.json", "JSON", 65, 0, 0, 0, 0, 0, 0, 0, 0, 0, 0, 0, 0, 0, 0, 0, 0, 0, 0, 0, 0, 0, 0, 0, 0, 0, 1, 66
"/Users/kadirnacar/github/security/packages/viewer/proxy.conf.json", "JSON", 28, 0, 0, 0, 0, 0, 0, 0, 0, 0, 0, 0, 0, 0, 0, 0, 0, 0, 0, 0, 0, 0, 0, 0, 0, 0, 1, 29
"/Users/kadirnacar/github/security/packages/viewer/src/app/components/Header/index.tsx", "TypeScript React", 0, 0, 0, 0, 0, 0, 0, 0, 0, 0, 0, 0, 0, 0, 0, 0, 0, 0, 0, 0, 0, 0, 0, 61, 0, 3, 8, 72
"/Users/kadirnacar/github/security/packages/viewer/src/app/components/Sidebar/index.tsx", "TypeScript React", 0, 0, 0, 0, 0, 0, 0, 0, 0, 0, 0, 0, 0, 0, 0, 0, 0, 0, 0, 0, 0, 0, 0, 91, 0, 0, 8, 99
"/Users/kadirnacar/github/security/packages/viewer/src/app/container/main/index.tsx", "TypeScript React", 0, 0, 0, 0, 0, 0, 0, 0, 0, 0, 0, 0, 0, 0, 0, 0, 0, 0, 0, 0, 0, 0, 0, 89, 0, 17, 12, 118
"/Users/kadirnacar/github/security/packages/viewer/src/app/reducers/Base/index.ts", "TypeScript", 0, 0, 0, 0, 0, 0, 0, 0, 0, 0, 0, 0, 0, 0, 0, 0, 0, 0, 0, 0, 0, 0, 32, 0, 0, 0, 8, 40
"/Users/kadirnacar/github/security/packages/viewer/src/app/reducers/Data/actions.ts", "TypeScript", 0, 0, 0, 0, 0, 0, 0, 0, 0, 0, 0, 0, 0, 0, 0, 0, 0, 0, 0, 0, 0, 0, 120, 0, 0, 0, 4, 124
"/Users/kadirnacar/github/security/packages/viewer/src/app/reducers/Data/reducer.ts", "TypeScript", 0, 0, 0, 0, 0, 0, 0, 0, 0, 0, 0, 0, 0, 0, 0, 0, 0, 0, 0, 0, 0, 0, 116, 0, 0, 1, 6, 123
"/Users/kadirnacar/github/security/packages/viewer/src/app/reducers/Data/state.ts", "TypeScript", 0, 0, 0, 0, 0, 0, 0, 0, 0, 0, 0, 0, 0, 0, 0, 0, 0, 0, 0, 0, 0, 0, 89, 0, 0, 1, 18, 108
"/Users/kadirnacar/github/security/packages/viewer/src/app/reducers/Result.ts", "TypeScript", 0, 0, 0, 0, 0, 0, 0, 0, 0, 0, 0, 0, 0, 0, 0, 0, 0, 0, 0, 0, 0, 0, 15, 0, 0, 0, 2, 17
"/Users/kadirnacar/github/security/packages/viewer/src/app/services/CameraService.ts", "TypeScript", 0, 0, 0, 0, 0, 0, 0, 0, 0, 0, 0, 0, 0, 0, 0, 0, 0, 0, 0, 0, 0, 0, 71, 0, 0, 0, 7, 78
"/Users/kadirnacar/github/security/packages/viewer/src/app/services/DataService.ts", "TypeScript", 0, 0, 0, 0, 0, 0, 0, 0, 0, 0, 0, 0, 0, 0, 0, 0, 0, 0, 0, 0, 0, 0, 184, 0, 0, 53, 8, 245
"/Users/kadirnacar/github/security/packages/viewer/src/app/services/ServiceBase.ts", "TypeScript", 0, 0, 0, 0, 0, 0, 0, 0, 0, 0, 0, 0, 0, 0, 0, 0, 0, 0, 0, 0, 0, 0, 124, 0, 0, 20, 16, 160
"/Users/kadirnacar/github/security/packages/viewer/src/app/store/StoreHelper.ts", "TypeScript", 0, 0, 0, 0, 0, 0, 0, 0, 0, 0, 0, 0, 0, 0, 0, 0, 0, 0, 0, 0, 0, 0, 13, 0, 0, 0, 2, 15
"/Users/kadirnacar/github/security/packages/viewer/src/app/store/configureStore.ts", "TypeScript", 0, 0, 0, 0, 0, 0, 0, 0, 0, 0, 0, 0, 0, 0, 0, 0, 0, 0, 0, 0, 0, 0, 28, 0, 0, 3, 3, 34
"/Users/kadirnacar/github/security/packages/viewer/src/app/store/index.ts", "TypeScript", 0, 0, 0, 0, 0, 0, 0, 0, 0, 0, 0, 0, 0, 0, 0, 0, 0, 0, 0, 0, 0, 0, 20, 0, 0, 0, 5, 25
"/Users/kadirnacar/github/security/packages/viewer/src/app/store/localStorage.ts", "TypeScript", 0, 0, 0, 0, 0, 0, 0, 0, 0, 0, 0, 0, 0, 0, 0, 0, 0, 0, 0, 0, 0, 0, 18, 0, 0, 1, 2, 21
"/Users/kadirnacar/github/security/packages/viewer/src/app/utils.ts", "TypeScript", 0, 0, 0, 0, 0, 0, 0, 0, 0, 0, 0, 0, 0, 0, 0, 0, 0, 0, 0, 0, 0, 0, 32, 0, 0, 0, 4, 36
"/Users/kadirnacar/github/security/packages/viewer/src/app/views/Home/CameraController.tsx", "TypeScript React", 0, 0, 0, 0, 0, 0, 0, 0, 0, 0, 0, 0, 0, 0, 0, 0, 0, 0, 0, 0, 0, 0, 0, 603, 0, 17, 44, 664
"/Users/kadirnacar/github/security/packages/viewer/src/app/views/Home/CameraManagement.ts", "TypeScript", 0, 0, 0, 0, 0, 0, 0, 0, 0, 0, 0, 0, 0, 0, 0, 0, 0, 0, 0, 0, 0, 0, 559, 0, 0, 10, 76, 645
"/Users/kadirnacar/github/security/packages/viewer/src/app/views/Home/CameraView.tsx", "TypeScript React", 0, 0, 0, 0, 0, 0, 0, 0, 0, 0, 0, 0, 0, 0, 0, 0, 0, 0, 0, 0, 0, 0, 0, 191, 0, 33, 18, 242
"/Users/kadirnacar/github/security/packages/viewer/src/app/views/Home/LayoutItem.tsx", "TypeScript React", 0, 0, 0, 0, 0, 0, 0, 0, 0, 0, 0, 0, 0, 0, 0, 0, 0, 0, 0, 0, 0, 0, 0, 73, 0, 0, 5, 78
"/Users/kadirnacar/github/security/packages/viewer/src/app/views/Home/PtzController.tsx", "TypeScript React", 0, 0, 0, 0, 0, 0, 0, 0, 0, 0, 0, 0, 0, 0, 0, 0, 0, 0, 0, 0, 0, 0, 0, 293, 0, 0, 31, 324
"/Users/kadirnacar/github/security/packages/viewer/src/app/views/Home/PursuitController.ts", "TypeScript", 0, 0, 0, 0, 0, 0, 0, 0, 0, 0, 0, 0, 0, 0, 0, 0, 0, 0, 0, 0, 0, 0, 247, 0, 0, 20, 37, 304
"/Users/kadirnacar/github/security/packages/viewer/src/app/views/Home/VideoPlayer.tsx", "TypeScript React", 0, 0, 0, 0, 0, 0, 0, 0, 0, 0, 0, 0, 0, 0, 0, 0, 0, 0, 0, 0, 0, 0, 0, 128, 0, 2, 20, 150
"/Users/kadirnacar/github/security/packages/viewer/src/app/views/Home/index copy.tsx", "TypeScript React", 0, 0, 0, 0, 0, 0, 0, 0, 0, 0, 0, 0, 0, 0, 0, 0, 0, 0, 0, 0, 0, 0, 0, 214, 0, 6, 19, 239
"/Users/kadirnacar/github/security/packages/viewer/src/app/views/Home/index.tsx", "TypeScript React", 0, 0, 0, 0, 0, 0, 0, 0, 0, 0, 0, 0, 0, 0, 0, 0, 0, 0, 0, 0, 0, 0, 0, 165, 0, 0, 16, 181
"/Users/kadirnacar/github/security/packages/viewer/src/app/views/Settings/Form.tsx", "TypeScript React", 0, 0, 0, 0, 0, 0, 0, 0, 0, 0, 0, 0, 0, 0, 0, 0, 0, 0, 0, 0, 0, 0, 0, 309, 0, 5, 12, 326
"/Users/kadirnacar/github/security/packages/viewer/src/app/views/Settings/Pursuit.tsx", "TypeScript React", 0, 0, 0, 0, 0, 0, 0, 0, 0, 0, 0, 0, 0, 0, 0, 0, 0, 0, 0, 0, 0, 0, 0, 228, 0, 16, 13, 257
"/Users/kadirnacar/github/security/packages/viewer/src/app/views/Settings/SettingsForm.tsx", "TypeScript React", 0, 0, 0, 0, 0, 0, 0, 0, 0, 0, 0, 0, 0, 0, 0, 0, 0, 0, 0, 0, 0, 0, 0, 151, 0, 0, 17, 168
"/Users/kadirnacar/github/security/packages/viewer/src/app/views/Settings/index.tsx", "TypeScript React", 0, 0, 0, 0, 0, 0, 0, 0, 0, 0, 0, 0, 0, 0, 0, 0, 0, 0, 0, 0, 0, 0, 0, 142, 0, 0, 12, 154
"/Users/kadirnacar/github/security/packages/viewer/src/app/withRouter.tsx", "TypeScript React", 0, 0, 0, 0, 0, 0, 0, 0, 0, 0, 0, 0, 0, 0, 0, 0, 0, 0, 0, 0, 0, 0, 0, 30, 0, 0, 3, 33
"/Users/kadirnacar/github/security/packages/viewer/src/environments/environment.prod.ts", "TypeScript", 0, 0, 0, 0, 0, 0, 0, 0, 0, 0, 0, 0, 0, 0, 0, 0, 0, 0, 0, 0, 0, 0, 3, 0, 0, 0, 1, 4
"/Users/kadirnacar/github/security/packages/viewer/src/environments/environment.ts", "TypeScript", 0, 0, 0, 0, 0, 0, 0, 0, 0, 0, 0, 0, 0, 0, 0, 0, 0, 0, 0, 0, 0, 0, 3, 0, 0, 2, 2, 7
"/Users/kadirnacar/github/security/packages/viewer/src/index.html", "HTML", 0, 0, 0, 0, 0, 0, 0, 0, 0, 0, 0, 0, 0, 0, 0, 0, 0, 0, 0, 13, 0, 0, 0, 0, 0, 0, 2, 15
"/Users/kadirnacar/github/security/packages/viewer/src/main.tsx", "TypeScript React", 0, 0, 0, 0, 0, 0, 0, 0, 0, 0, 0, 0, 0, 0, 0, 0, 0, 0, 0, 0, 0, 0, 0, 27, 0, 0, 4, 31
"/Users/kadirnacar/github/security/packages/viewer/src/polyfills.ts", "TypeScript", 0, 0, 0, 0, 0, 0, 0, 0, 0, 0, 0, 0, 0, 0, 0, 0, 0, 0, 0, 0, 0, 0, 2, 0, 0, 5, 1, 8
"/Users/kadirnacar/github/security/packages/viewer/src/styles.css", "CSS", 0, 0, 0, 0, 0, 0, 0, 0, 0, 0, 0, 0, 0, 0, 0, 0, 0, 0, 0, 0, 0, 0, 0, 0, 0, 1, 1, 2
"/Users/kadirnacar/github/security/packages/viewer/tsconfig.app.json", "JSON", 14, 0, 0, 0, 0, 0, 0, 0, 0, 0, 0, 0, 0, 0, 0, 0, 0, 0, 0, 0, 0, 0, 0, 0, 0, 0, 1, 15
"/Users/kadirnacar/github/security/packages/viewer/tsconfig.json", "JSON with Comments", 0, 0, 0, 23, 0, 0, 0, 0, 0, 0, 0, 0, 0, 0, 0, 0, 0, 0, 0, 0, 0, 0, 0, 0, 0, 0, 1, 24
"/Users/kadirnacar/github/security/packages/viewer/webpack.config.js", "JavaScript", 0, 0, 0, 0, 0, 0, 0, 0, 0, 0, 0, 0, 0, 0, 0, 0, 0, 0, 27, 0, 0, 0, 0, 0, 0, 0, 1, 28
"/Users/kadirnacar/github/security/rtspgo/config.go", "Go", 0, 0, 0, 0, 0, 0, 0, 0, 0, 0, 219, 0, 0, 0, 0, 0, 0, 0, 0, 0, 0, 0, 0, 0, 0, 8, 28, 255
"/Users/kadirnacar/github/security/rtspgo/go.mod", "Go Module File", 0, 0, 0, 0, 0, 0, 0, 0, 0, 0, 0, 0, 0, 0, 0, 0, 0, 0, 0, 0, 0, 27, 0, 0, 0, 0, 4, 31
"/Users/kadirnacar/github/security/rtspgo/go.sum", "Go Checksum File", 0, 0, 0, 0, 0, 0, 0, 0, 0, 0, 0, 0, 0, 0, 0, 0, 0, 0, 0, 0, 230, 0, 0, 0, 0, 0, 1, 231
"/Users/kadirnacar/github/security/rtspgo/http.go", "Go", 0, 0, 0, 0, 0, 0, 0, 0, 0, 0, 79, 0, 0, 0, 0, 0, 0, 0, 0, 0, 0, 0, 0, 0, 0, 0, 9, 88
"/Users/kadirnacar/github/security/rtspgo/main.go", "Go", 0, 0, 0, 0, 0, 0, 0, 0, 0, 0, 28, 0, 0, 0, 0, 0, 0, 0, 0, 0, 0, 0, 0, 0, 0, 0, 9, 37
"/Users/kadirnacar/github/security/rtspgo/stream.go", "Go", 0, 0, 0, 0, 0, 0, 0, 0, 0, 0, 79, 0, 0, 0, 0, 0, 0, 0, 0, 0, 0, 0, 0, 0, 0, 1, 6, 86
"/Users/kadirnacar/github/security/tools/tsconfig.tools.json", "JSON", 11, 0, 0, 0, 0, 0, 0, 0, 0, 0, 0, 0, 0, 0, 0, 0, 0, 0, 0, 0, 0, 0, 0, 0, 0, 2, 0, 13
"/Users/kadirnacar/github/security/tsconfig.base.json", "JSON", 26, 0, 0, 0, 0, 0, 0, 0, 0, 0, 0, 0, 0, 0, 0, 0, 0, 0, 0, 0, 0, 0, 0, 0, 0, 0, 1, 27
"/Users/kadirnacar/github/security/types/camera.d.ts", "TypeScript", 0, 0, 0, 0, 0, 0, 0, 0, 0, 0, 0, 0, 0, 0, 0, 0, 0, 0, 0, 0, 0, 0, 52, 0, 0, 56, 1, 109
"/Users/kadirnacar/github/security/types/camera.js", "JavaScript", 0, 0, 0, 0, 0, 0, 0, 0, 0, 0, 0, 0, 0, 0, 0, 0, 0, 0, 538, 0, 0, 0, 0, 0, 0, 75, 1, 614
"/Users/kadirnacar/github/security/types/modules/access.d.ts", "TypeScript", 0, 0, 0, 0, 0, 0, 0, 0, 0, 0, 0, 0, 0, 0, 0, 0, 0, 0, 0, 0, 0, 0, 20, 0, 0, 19, 1, 40
"/Users/kadirnacar/github/security/types/modules/access.js", "JavaScript", 0, 0, 0, 0, 0, 0, 0, 0, 0, 0, 0, 0, 0, 0, 0, 0, 0, 0, 71, 0, 0, 0, 0, 0, 0, 22, 1, 94
"/Users/kadirnacar/github/security/types/modules/accessrules.d.ts", "TypeScript", 0, 0, 0, 0, 0, 0, 0, 0, 0, 0, 0, 0, 0, 0, 0, 0, 0, 0, 0, 0, 0, 0, 20, 0, 0, 18, 1, 39
"/Users/kadirnacar/github/security/types/modules/accessrules.js", "JavaScript", 0, 0, 0, 0, 0, 0, 0, 0, 0, 0, 0, 0, 0, 0, 0, 0, 0, 0, 71, 0, 0, 0, 0, 0, 0, 21, 1, 93
"/Users/kadirnacar/github/security/types/modules/action.d.ts", "TypeScript", 0, 0, 0, 0, 0, 0, 0, 0, 0, 0, 0, 0, 0, 0, 0, 0, 0, 0, 0, 0, 0, 0, 22, 0, 0, 18, 1, 41
"/Users/kadirnacar/github/security/types/modules/action.js", "JavaScript", 0, 0, 0, 0, 0, 0, 0, 0, 0, 0, 0, 0, 0, 0, 0, 0, 0, 0, 81, 0, 0, 0, 0, 0, 0, 21, 1, 103
"/Users/kadirnacar/github/security/types/modules/analytics.d.ts", "TypeScript", 0, 0, 0, 0, 0, 0, 0, 0, 0, 0, 0, 0, 0, 0, 0, 0, 0, 0, 0, 0, 0, 0, 27, 0, 0, 140, 1, 168
"/Users/kadirnacar/github/security/types/modules/analytics.js", "JavaScript", 0, 0, 0, 0, 0, 0, 0, 0, 0, 0, 0, 0, 0, 0, 0, 0, 0, 0, 168, 0, 0, 0, 0, 0, 0, 145, 1, 314
"/Users/kadirnacar/github/security/types/modules/core.d.ts", "TypeScript", 0, 0, 0, 0, 0, 0, 0, 0, 0, 0, 0, 0, 0, 0, 0, 0, 0, 0, 0, 0, 0, 0, 109, 0, 0, 499, 1, 609
"/Users/kadirnacar/github/security/types/modules/core.js", "JavaScript", 0, 0, 0, 0, 0, 0, 0, 0, 0, 0, 0, 0, 0, 0, 0, 0, 0, 0, 1022, 0, 0, 0, 0, 0, 0, 504, 1, 1527
"/Users/kadirnacar/github/security/types/modules/credential.d.ts", "TypeScript", 0, 0, 0, 0, 0, 0, 0, 0, 0, 0, 0, 0, 0, 0, 0, 0, 0, 0, 0, 0, 0, 0, 31, 0, 0, 19, 1, 51
"/Users/kadirnacar/github/security/types/modules/credential.js", "JavaScript", 0, 0, 0, 0, 0, 0, 0, 0, 0, 0, 0, 0, 0, 0, 0, 0, 0, 0, 126, 0, 0, 0, 0, 0, 0, 23, 1, 150
"/Users/kadirnacar/github/security/types/modules/deviceio.d.ts", "TypeScript", 0, 0, 0, 0, 0, 0, 0, 0, 0, 0, 0, 0, 0, 0, 0, 0, 0, 0, 0, 0, 0, 0, 32, 0, 0, 18, 1, 51
"/Users/kadirnacar/github/security/types/modules/deviceio.js", "JavaScript", 0, 0, 0, 0, 0, 0, 0, 0, 0, 0, 0, 0, 0, 0, 0, 0, 0, 0, 131, 0, 0, 0, 0, 0, 0, 21, 1, 153
"/Users/kadirnacar/github/security/types/modules/discovery.d.ts", "TypeScript", 0, 0, 0, 0, 0, 0, 0, 0, 0, 0, 0, 0, 0, 0, 0, 0, 0, 0, 0, 0, 0, 0, 18, 0, 0, 32, 1, 51
"/Users/kadirnacar/github/security/types/modules/discovery.js", "JavaScript", 0, 0, 0, 0, 0, 0, 0, 0, 0, 0, 0, 0, 0, 0, 0, 0, 0, 0, 259, 0, 0, 0, 0, 0, 0, 39, 1, 299
"/Users/kadirnacar/github/security/types/modules/display.d.ts", "TypeScript", 0, 0, 0, 0, 0, 0, 0, 0, 0, 0, 0, 0, 0, 0, 0, 0, 0, 0, 0, 0, 0, 0, 22, 0, 0, 18, 1, 41
"/Users/kadirnacar/github/security/types/modules/display.js", "JavaScript", 0, 0, 0, 0, 0, 0, 0, 0, 0, 0, 0, 0, 0, 0, 0, 0, 0, 0, 81, 0, 0, 0, 0, 0, 0, 21, 1, 103
"/Users/kadirnacar/github/security/types/modules/door.d.ts", "TypeScript", 0, 0, 0, 0, 0, 0, 0, 0, 0, 0, 0, 0, 0, 0, 0, 0, 0, 0, 0, 0, 0, 0, 25, 0, 0, 18, 1, 44
"/Users/kadirnacar/github/security/types/modules/door.js", "JavaScript", 0, 0, 0, 0, 0, 0, 0, 0, 0, 0, 0, 0, 0, 0, 0, 0, 0, 0, 96, 0, 0, 0, 0, 0, 0, 22, 1, 119
"/Users/kadirnacar/github/security/types/modules/events.d.ts", "TypeScript", 0, 0, 0, 0, 0, 0, 0, 0, 0, 0, 0, 0, 0, 0, 0, 0, 0, 0, 0, 0, 0, 0, 33, 0, 0, 153, 1, 187
"/Users/kadirnacar/github/security/types/modules/events.js", "JavaScript", 0, 0, 0, 0, 0, 0, 0, 0, 0, 0, 0, 0, 0, 0, 0, 0, 0, 0, 293, 0, 0, 0, 0, 0, 0, 202, 1, 496
"/Users/kadirnacar/github/security/types/modules/imaging.d.ts", "TypeScript", 0, 0, 0, 0, 0, 0, 0, 0, 0, 0, 0, 0, 0, 0, 0, 0, 0, 0, 0, 0, 0, 0, 22, 0, 0, 18, 1, 41
"/Users/kadirnacar/github/security/types/modules/imaging.js", "JavaScript", 0, 0, 0, 0, 0, 0, 0, 0, 0, 0, 0, 0, 0, 0, 0, 0, 0, 0, 82, 0, 0, 0, 0, 0, 0, 22, 1, 105
"/Users/kadirnacar/github/security/types/modules/media.d.ts", "TypeScript", 0, 0, 0, 0, 0, 0, 0, 0, 0, 0, 0, 0, 0, 0, 0, 0, 0, 0, 0, 0, 0, 0, 95, 0, 0, 463, 1, 559
"/Users/kadirnacar/github/security/types/modules/media.js", "JavaScript", 0, 0, 0, 0, 0, 0, 0, 0, 0, 0, 0, 0, 0, 0, 0, 0, 0, 0, 711, 0, 0, 0, 0, 0, 0, 466, 1, 1178
"/Users/kadirnacar/github/security/types/modules/media2.d.ts", "TypeScript", 0, 0, 0, 0, 0, 0, 0, 0, 0, 0, 0, 0, 0, 0, 0, 0, 0, 0, 0, 0, 0, 0, 39, 0, 0, 18, 1, 58
"/Users/kadirnacar/github/security/types/modules/media2.js", "JavaScript", 0, 0, 0, 0, 0, 0, 0, 0, 0, 0, 0, 0, 0, 0, 0, 0, 0, 0, 186, 0, 0, 0, 0, 0, 0, 29, 1, 216
"/Users/kadirnacar/github/security/types/modules/ptz.d.ts", "TypeScript", 0, 0, 0, 0, 0, 0, 0, 0, 0, 0, 0, 0, 0, 0, 0, 0, 0, 0, 0, 0, 0, 0, 56, 0, 0, 460, 1, 517
"/Users/kadirnacar/github/security/types/modules/ptz.js", "JavaScript", 0, 0, 0, 0, 0, 0, 0, 0, 0, 0, 0, 0, 0, 0, 0, 0, 0, 0, 912, 0, 0, 0, 0, 0, 0, 465, 1, 1378
"/Users/kadirnacar/github/security/types/modules/receiver.d.ts", "TypeScript", 0, 0, 0, 0, 0, 0, 0, 0, 0, 0, 0, 0, 0, 0, 0, 0, 0, 0, 0, 0, 0, 0, 20, 0, 0, 18, 1, 39
"/Users/kadirnacar/github/security/types/modules/receiver.js", "JavaScript", 0, 0, 0, 0, 0, 0, 0, 0, 0, 0, 0, 0, 0, 0, 0, 0, 0, 0, 71, 0, 0, 0, 0, 0, 0, 21, 1, 93
"/Users/kadirnacar/github/security/types/modules/recording.d.ts", "TypeScript", 0, 0, 0, 0, 0, 0, 0, 0, 0, 0, 0, 0, 0, 0, 0, 0, 0, 0, 0, 0, 0, 0, 33, 0, 0, 18, 1, 52
"/Users/kadirnacar/github/security/types/modules/recording.js", "JavaScript", 0, 0, 0, 0, 0, 0, 0, 0, 0, 0, 0, 0, 0, 0, 0, 0, 0, 0, 136, 0, 0, 0, 0, 0, 0, 21, 1, 158
"/Users/kadirnacar/github/security/types/modules/replay.d.ts", "TypeScript", 0, 0, 0, 0, 0, 0, 0, 0, 0, 0, 0, 0, 0, 0, 0, 0, 0, 0, 0, 0, 0, 0, 16, 0, 0, 18, 1, 35
"/Users/kadirnacar/github/security/types/modules/replay.js", "JavaScript", 0, 0, 0, 0, 0, 0, 0, 0, 0, 0, 0, 0, 0, 0, 0, 0, 0, 0, 51, 0, 0, 0, 0, 0, 0, 21, 1, 73
"/Users/kadirnacar/github/security/types/modules/schedule.d.ts", "TypeScript", 0, 0, 0, 0, 0, 0, 0, 0, 0, 0, 0, 0, 0, 0, 0, 0, 0, 0, 0, 0, 0, 0, 28, 0, 0, 18, 1, 47
"/Users/kadirnacar/github/security/types/modules/schedule.js", "JavaScript", 0, 0, 0, 0, 0, 0, 0, 0, 0, 0, 0, 0, 0, 0, 0, 0, 0, 0, 111, 0, 0, 0, 0, 0, 0, 22, 1, 134
"/Users/kadirnacar/github/security/types/modules/search.d.ts", "TypeScript", 0, 0, 0, 0, 0, 0, 0, 0, 0, 0, 0, 0, 0, 0, 0, 0, 0, 0, 0, 0, 0, 0, 25, 0, 0, 18, 1, 44
"/Users/kadirnacar/github/security/types/modules/search.js", "JavaScript", 0, 0, 0, 0, 0, 0, 0, 0, 0, 0, 0, 0, 0, 0, 0, 0, 0, 0, 96, 0, 0, 0, 0, 0, 0, 21, 1, 118
"/Users/kadirnacar/github/security/types/modules/security.d.ts", "TypeScript", 0, 0, 0, 0, 0, 0, 0, 0, 0, 0, 0, 0, 0, 0, 0, 0, 0, 0, 0, 0, 0, 0, 58, 0, 0, 18, 1, 77
"/Users/kadirnacar/github/security/types/modules/security.js", "JavaScript", 0, 0, 0, 0, 0, 0, 0, 0, 0, 0, 0, 0, 0, 0, 0, 0, 0, 0, 261, 0, 0, 0, 0, 0, 0, 21, 1, 283
"/Users/kadirnacar/github/security/types/modules/thermal.d.ts", "TypeScript", 0, 0, 0, 0, 0, 0, 0, 0, 0, 0, 0, 0, 0, 0, 0, 0, 0, 0, 0, 0, 0, 0, 20, 0, 0, 18, 1, 39
"/Users/kadirnacar/github/security/types/modules/thermal.js", "JavaScript", 0, 0, 0, 0, 0, 0, 0, 0, 0, 0, 0, 0, 0, 0, 0, 0, 0, 0, 72, 0, 0, 0, 0, 0, 0, 22, 1, 95
"/Users/kadirnacar/github/security/types/modules/videoanalytics.d.ts", "TypeScript", 0, 0, 0, 0, 0, 0, 0, 0, 0, 0, 0, 0, 0, 0, 0, 0, 0, 0, 0, 0, 0, 0, 29, 0, 0, 18, 1, 48
"/Users/kadirnacar/github/security/types/modules/videoanalytics.js", "JavaScript", 0, 0, 0, 0, 0, 0, 0, 0, 0, 0, 0, 0, 0, 0, 0, 0, 0, 0, 116, 0, 0, 0, 0, 0, 0, 23, 1, 140
"/Users/kadirnacar/github/security/types/onvif-nvt.d.ts", "TypeScript", 0, 0, 0, 0, 0, 0, 0, 0, 0, 0, 0, 0, 0, 0, 0, 0, 0, 0, 0, 0, 0, 0, 8, 0, 0, 19, 1, 28
"/Users/kadirnacar/github/security/types/onvif-nvt.js", "JavaScript", 0, 0, 0, 0, 0, 0, 0, 0, 0, 0, 0, 0, 0, 0, 0, 0, 0, 0, 56, 0, 0, 0, 0, 0, 0, 22, 1, 79
"/Users/kadirnacar/github/security/types/utils/config.d.ts", "TypeScript", 0, 0, 0, 0, 0, 0, 0, 0, 0, 0, 0, 0, 0, 0, 0, 0, 0, 0, 0, 0, 0, 0, 4, 0, 0, 0, 1, 5
"/Users/kadirnacar/github/security/types/utils/config.js", "JavaScript", 0, 0, 0, 0, 0, 0, 0, 0, 0, 0, 0, 0, 0, 0, 0, 0, 0, 0, 27, 0, 0, 0, 0, 0, 0, 0, 1, 28
"/Users/kadirnacar/github/security/types/utils/save-xml.d.ts", "TypeScript", 0, 0, 0, 0, 0, 0, 0, 0, 0, 0, 0, 0, 0, 0, 0, 0, 0, 0, 0, 0, 0, 0, 3, 0, 0, 0, 1, 4
"/Users/kadirnacar/github/security/types/utils/save-xml.js", "JavaScript", 0, 0, 0, 0, 0, 0, 0, 0, 0, 0, 0, 0, 0, 0, 0, 0, 0, 0, 32, 0, 0, 0, 0, 0, 0, 3, 1, 36
"/Users/kadirnacar/github/security/types/utils/snapshot.d.ts", "TypeScript", 0, 0, 0, 0, 0, 0, 0, 0, 0, 0, 0, 0, 0, 0, 0, 0, 0, 0, 0, 0, 0, 0, 8, 0, 0, 33, 1, 42
"/Users/kadirnacar/github/security/types/utils/snapshot.js", "JavaScript", 0, 0, 0, 0, 0, 0, 0, 0, 0, 0, 0, 0, 0, 0, 0, 0, 0, 0, 61, 0, 0, 0, 0, 0, 0, 34, 1, 96
"/Users/kadirnacar/github/security/types/utils/soap.d.ts", "TypeScript", 0, 0, 0, 0, 0, 0, 0, 0, 0, 0, 0, 0, 0, 0, 0, 0, 0, 0, 0, 0, 0, 0, 26, 0, 0, 46, 1, 73
"/Users/kadirnacar/github/security/types/utils/soap.js", "JavaScript", 0, 0, 0, 0, 0, 0, 0, 0, 0, 0, 0, 0, 0, 0, 0, 0, 0, 0, 333, 0, 0, 0, 0, 0, 0, 80, 1, 414
"/Users/kadirnacar/github/security/types/utils/util.d.ts", "TypeScript", 0, 0, 0, 0, 0, 0, 0, 0, 0, 0, 0, 0, 0, 0, 0, 0, 0, 0, 0, 0, 0, 0, 6, 0, 0, 0, 1, 7
"/Users/kadirnacar/github/security/types/utils/util.js", "JavaScript", 0, 0, 0, 0, 0, 0, 0, 0, 0, 0, 0, 0, 0, 0, 0, 0, 0, 0, 131, 0, 0, 0, 0, 0, 0, 13, 1, 145
"/Users/kadirnacar/github/security/workspace.json", "JSON", 9, 0, 0, 0, 0, 0, 0, 0, 0, 0, 0, 0, 0, 0, 0, 0, 0, 0, 0, 0, 0, 0, 0, 0, 0, 0, 1, 10
"Total", "-", 37591, 452, 3, 77, 236, 524, 49988, 4833, 1473, 19, 539, 1330, 962, 229, 13, 37, 1298, 312, 13851, 115, 230, 27, 4322, 2795, 0, 23515, 13101, 157872